,업종명,종목명,2011_E,2011_S,2011_G,2012_E,2012_S,2012_G,Diff_E,Diff_S,Diff_G,2011_종가,2012_종가,등락률,연도
0,1차 산업,동원,2.0,2.0,2.0,2.0,2.5,2.5,0.0,0.5,0.5,5350,4825,-0.0981308411214953,"11,12년"
1,1차 산업,동원산업,2.0,2.5,2.0,3.0,2.5,2.5,1.0,0.0,0.5,166000,285000,0.7168674698795181,"11,12년"
2,1차 산업,동원수산,2.0,2.0,2.0,3.0,2.5,2.5,1.0,0.5,0.5,22700,14000,-0.3832599118942731,"11,12년"
3,1차 산업,사조산업,3.0,2.5,2.0,2.0,2.5,2.5,-1.0,0.0,0.5,54000,56300,0.0425925925925925,"11,12년"
4,1차 산업,사조오양,3.0,2.0,2.0,3.0,2.5,2.5,0.0,0.5,0.5,16600,13700,-0.1746987951807229,"11,12년"
5,1차 산업,신라교역,3.0,2.0,2.0,3.0,2.5,2.5,0.0,0.5,0.5,11750,24300,1.0680851063829788,"11,12년"
6,건설업,GS건설,5.0,5.0,5.0,5.0,5.0,5.0,0.0,0.0,0.0,98400,61400,-0.3760162601626016,"11,12년"
7,건설업,경남기업,3.0,2.5,2.5,2.0,2.5,2.5,-1.0,0.0,0.0,8550,5830,-0.3181286549707602,"11,12년"
8,건설업,고려개발,3.0,4.0,2.5,3.0,4.0,2.5,0.0,0.0,0.0,2450,1750,-0.2857142857142857,"11,12년"
9,건설업,금호산업,2.0,4.0,2.5,3.0,4.0,2.5,1.0,0.0,0.0,7900,2175,-0.7246835443037974,"11,12년"
10,건설업,남광토건,2.0,2.5,2.5,3.0,2.5,2.5,1.0,0.0,0.0,1295,1360,0.0501930501930501,"11,12년"
11,건설업,대림산업,4.0,5.0,5.0,4.0,5.0,4.0,0.0,0.0,-1.0,98000,75900,-0.2255102040816326,"11,12년"
12,건설업,대우건설,3.0,2.5,2.5,4.0,2.5,2.5,1.0,0.0,0.0,10350,9280,-0.1033816425120772,"11,12년"
13,건설업,동부건설,4.0,2.5,2.5,4.0,2.5,2.5,0.0,0.0,0.0,4820,3400,-0.2946058091286307,"11,12년"
14,건설업,동아지질,3.0,2.5,2.5,3.0,2.5,2.5,0.0,0.0,0.0,10700,9060,-0.1532710280373831,"11,12년"
15,건설업,두산건설,6.0,4.0,4.0,4.0,5.0,4.0,-2.0,1.0,0.0,3930,2350,-0.4020356234096692,"11,12년"
16,건설업,삼호,3.0,2.5,2.5,3.0,4.0,2.5,0.0,1.5,0.0,1925,1935,0.0051948051948051,"11,12년"
17,건설업,삼호개발,3.0,2.5,2.0,3.0,2.5,2.5,0.0,0.0,0.5,1950,2100,0.0769230769230769,"11,12년"
18,건설업,삼환기업,3.0,2.5,2.5,3.0,2.5,2.5,0.0,0.0,0.0,5440,2085,-0.6167279411764706,"11,12년"
19,건설업,신세계건설,3.0,2.5,2.5,2.0,2.5,2.5,-1.0,0.0,0.0,14500,11200,-0.2275862068965517,"11,12년"
20,건설업,신일건업,3.0,2.5,2.0,3.0,2.5,2.5,0.0,0.0,0.5,3180,2640,-0.1698113207547169,"11,12년"
21,건설업,신한,2.0,2.0,2.5,2.0,2.5,2.5,0.0,0.5,0.0,5820,4375,-0.2482817869415807,"11,12년"
22,건설업,일성건설,2.0,2.5,2.5,3.0,2.5,2.5,1.0,0.0,0.0,4950,5210,0.0525252525252525,"11,12년"
23,건설업,중앙건설,3.0,2.5,2.0,3.0,2.5,2.5,0.0,0.0,0.5,1310,623,-0.5244274809160305,"11,12년"
24,건설업,진흥기업,3.0,2.5,2.5,2.0,2.5,2.5,-1.0,0.0,0.0,170,647,2.8058823529411763,"11,12년"
25,건설업,태영건설,4.0,2.0,2.5,3.0,2.5,2.5,-1.0,0.5,0.0,5970,5480,-0.0820770519262981,"11,12년"
26,건설업,한신공영,3.0,2.0,2.5,3.0,4.0,2.5,0.0,2.0,0.0,7970,7120,-0.1066499372647427,"11,12년"
27,건설업,한일건설,2.0,2.0,2.5,2.0,2.5,2.5,0.0,0.5,0.0,3450,1240,-0.6405797101449275,"11,12년"
28,건설업,한전KPS,3.0,5.0,2.5,3.0,5.0,2.5,0.0,0.0,0.0,30950,60000,0.938610662358643,"11,12년"
29,건설업,현대건설,4.0,5.0,5.0,4.0,5.0,4.0,0.0,0.0,-1.0,71900,65700,-0.086230876216968,"11,12년"
30,건설업,화성산업,4.0,4.0,2.0,4.0,2.5,2.5,0.0,-1.5,0.5,2780,3610,0.2985611510791366,"11,12년"
31,금융 및 보험업,KB금융,6.0,6.0,5.0,6.0,6.0,5.0,0.0,0.0,0.0,43400,37100,-0.1451612903225806,"11,12년"
32,금융 및 보험업,KTB투자증권,4.0,2.5,2.5,4.0,2.5,2.0,0.0,0.0,-0.5,2270,2065,-0.0903083700440528,"11,12년"
33,금융 및 보험업,SK증권,4.0,4.0,2.0,5.0,5.0,2.5,1.0,1.0,0.5,1410,1160,-0.1773049645390071,"11,12년"
34,금융 및 보험업,골든브릿지증권,2.0,2.0,2.0,3.0,2.5,2.0,1.0,0.5,0.0,1280,1010,-0.2109375,"11,12년"
35,금융 및 보험업,교보증권,2.0,2.5,2.0,3.0,2.5,2.5,1.0,0.0,0.5,4945,4610,-0.0677451971688574,"11,12년"
36,금융 및 보험업,기업은행,4.0,4.0,2.0,4.0,4.0,2.5,0.0,0.0,0.5,14850,12000,-0.1919191919191919,"11,12년"
37,금융 및 보험업,대신증권,5.0,2.5,2.0,5.0,2.5,2.5,0.0,0.0,0.5,10300,8690,-0.1563106796116505,"11,12년"
38,금융 및 보험업,동양생명,4.0,2.5,2.0,4.0,2.5,2.5,0.0,0.0,0.5,13400,11800,-0.1194029850746268,"11,12년"
39,금융 및 보험업,롯데손해보험,3.0,2.5,2.0,5.0,5.0,2.5,2.0,2.5,0.5,6030,3995,-0.3374792703150912,"11,12년"
40,금융 및 보험업,메리츠종금증권,3.0,2.5,2.0,4.0,2.5,2.5,1.0,0.0,0.5,704,1305,0.8536931818181818,"11,12년"
41,금융 및 보험업,메리츠화재,5.0,4.0,2.5,5.0,4.0,2.5,0.0,0.0,0.0,10700,14800,0.3831775700934579,"11,12년"
42,금융 및 보험업,미래에셋증권,3.0,2.5,2.0,4.0,4.0,2.5,1.0,1.5,0.5,35900,29600,-0.1754874651810584,"11,12년"
43,금융 및 보험업,부국증권,3.0,2.5,2.0,3.0,2.5,2.0,0.0,0.0,0.0,16900,17550,0.0384615384615384,"11,12년"
44,금융 및 보험업,삼성증권,5.0,5.0,4.0,5.0,6.0,4.0,0.0,1.0,0.0,58500,48850,-0.1649572649572649,"11,12년"
45,금융 및 보험업,삼성카드,4.0,4.0,2.0,4.0,4.0,2.5,0.0,0.0,0.5,41950,42200,0.0059594755661501,"11,12년"
46,금융 및 보험업,신영증권,4.0,2.5,2.0,4.0,2.5,2.0,0.0,0.0,0.0,27200,30300,0.1139705882352941,"11,12년"
47,금융 및 보험업,신한지주,5.0,5.0,5.0,6.0,5.0,4.0,1.0,0.0,-1.0,44650,37450,-0.1612541993281075,"11,12년"
48,금융 및 보험업,아주캐피탈,4.0,2.5,2.0,3.0,2.5,2.5,-1.0,0.0,0.5,4940,4390,-0.1113360323886639,"11,12년"
49,금융 및 보험업,유화증권,4.0,2.5,2.0,3.0,2.5,2.0,-1.0,0.0,0.0,12800,12900,0.0078125,"11,12년"
50,금융 및 보험업,전북은행,6.0,2.5,2.5,5.0,2.5,2.5,-1.0,0.0,0.0,5060,4150,-0.1798418972332015,"11,12년"
51,금융 및 보험업,코리안리,5.0,2.5,2.0,4.0,2.5,2.5,-1.0,0.0,0.5,15050,10700,-0.2890365448504983,"11,12년"
52,금융 및 보험업,키움증권,3.0,2.5,2.0,4.0,2.5,2.0,1.0,0.0,0.0,59500,55200,-0.0722689075630252,"11,12년"
53,금융 및 보험업,하나금융지주,6.0,4.0,2.5,6.0,5.0,2.5,0.0,1.0,0.0,40350,31750,-0.2131350681536555,"11,12년"
54,금융 및 보험업,한국개발금융,4.0,2.0,2.0,3.0,2.5,2.0,-1.0,0.5,0.0,18900,23600,0.2486772486772486,"11,12년"
55,금융 및 보험업,한국금융지주,5.0,2.0,2.0,5.0,2.5,2.5,0.0,0.5,0.5,37450,37300,-0.0040053404539385,"11,12년"
56,금융 및 보험업,한양증권,4.0,4.0,2.5,4.0,4.0,2.5,0.0,0.0,0.0,6220,6830,0.0980707395498392,"11,12년"
57,금융 및 보험업,한화손해보험,4.0,2.5,2.5,4.0,2.5,2.5,0.0,0.0,0.0,8150,7400,-0.0920245398773006,"11,12년"
58,금융 및 보험업,현대해상,5.0,5.0,4.0,5.0,5.0,2.5,0.0,0.0,-1.5,32550,35250,0.0829493087557603,"11,12년"
59,금융 및 보험업,흥국화재,2.0,2.5,2.0,3.0,2.5,2.5,1.0,0.0,0.5,6050,4990,-0.1752066115702479,"11,12년"
60,서비스업,CJ,4.0,2.5,2.0,3.0,2.5,2.5,-1.0,0.0,0.5,80200,106500,0.327930174563591,"11,12년"
61,서비스업,CJ CGV,3.0,2.5,2.0,3.0,2.5,2.5,0.0,0.0,0.5,25800,33800,0.3100775193798449,"11,12년"
62,서비스업,CS홀딩스,3.0,2.0,2.0,2.0,2.5,2.0,-1.0,0.5,0.0,40850,35550,-0.1297429620563035,"11,12년"
63,서비스업,GKL,3.0,4.0,2.0,4.0,4.0,2.0,1.0,0.0,0.0,20000,30700,0.535,"11,12년"
64,서비스업,GS,4.0,2.0,2.0,4.0,2.5,2.5,0.0,0.5,0.5,65300,68600,0.0505359877488514,"11,12년"
65,서비스업,JW홀딩스,3.0,2.5,2.0,3.0,2.5,2.5,0.0,0.0,0.5,2825,2410,-0.1469026548672566,"11,12년"
66,서비스업,KC그린홀딩스,3.0,2.0,2.5,3.0,2.5,2.5,0.0,0.5,0.0,2350,2935,0.2489361702127659,"11,12년"
67,서비스업,KISCO홀딩스,4.0,2.0,2.0,3.0,2.5,2.5,-1.0,0.5,0.5,37700,37400,-0.0079575596816976,"11,12년"
68,서비스업,KPX홀딩스,3.0,2.0,2.0,3.0,2.5,2.5,0.0,0.5,0.5,39000,40400,0.0358974358974358,"11,12년"
69,서비스업,LG,4.0,2.5,2.0,3.0,2.5,2.5,-1.0,0.0,0.5,66100,66600,0.0075642965204236,"11,12년"
70,서비스업,LS,4.0,2.5,2.0,4.0,2.5,2.5,0.0,0.0,0.5,80100,89200,0.1136079900124844,"11,12년"
71,서비스업,NICE,3.0,2.0,2.0,3.0,2.5,2.0,0.0,0.5,0.0,54500,57900,0.0623853211009174,"11,12년"
72,서비스업,S&T홀딩스,3.0,2.5,2.0,3.0,2.5,2.5,0.0,0.0,0.5,11750,9410,-0.1991489361702127,"11,12년"
73,서비스업,SBS,3.0,2.0,2.0,4.0,2.5,2.5,1.0,0.5,0.5,39200,40700,0.0382653061224489,"11,12년"
74,서비스업,SBS미디어홀딩스,3.0,2.0,2.0,3.0,2.5,2.5,0.0,0.5,0.5,4590,6600,0.4379084967320261,"11,12년"
75,서비스업,SK,4.0,2.5,2.5,4.0,5.0,5.0,0.0,2.5,2.5,150500,152000,0.0099667774086378,"11,12년"
76,서비스업,SK이노베이션,6.0,5.0,2.0,5.0,4.0,5.0,-1.0,-1.0,3.0,170500,160500,-0.0586510263929618,"11,12년"
77,서비스업,강원랜드,4.0,2.5,2.0,4.0,5.0,4.0,0.0,2.5,2.0,29800,25400,-0.1476510067114094,"11,12년"
78,서비스업,노루홀딩스,3.0,2.0,2.0,3.0,2.5,2.5,0.0,0.5,0.5,7150,8260,0.1552447552447552,"11,12년"
79,서비스업,녹십자홀딩스,3.0,2.5,2.0,3.0,2.5,2.5,0.0,0.0,0.5,17200,17000,-0.0116279069767441,"11,12년"
80,서비스업,농심홀딩스,3.0,2.5,2.0,3.0,2.5,2.5,0.0,0.0,0.5,49900,62000,0.2424849699398797,"11,12년"
81,서비스업,다우기술,2.0,2.5,2.0,2.0,2.5,2.0,0.0,0.0,0.0,10150,15500,0.5270935960591133,"11,12년"
82,서비스업,대교,5.0,2.5,2.0,4.0,2.5,2.5,-1.0,0.0,0.5,6810,6020,-0.1160058737151248,"11,12년"
83,서비스업,대상홀딩스,3.0,2.0,2.0,3.0,2.5,2.5,0.0,0.5,0.5,3835,5890,0.5358539765319427,"11,12년"
84,서비스업,대성합동지주,3.0,2.5,2.5,4.0,2.5,2.5,1.0,0.0,0.0,62000,37200,-0.4,"11,12년"
85,서비스업,대성홀딩스,3.0,2.0,2.0,3.0,2.5,2.5,0.0,0.5,0.5,7280,6960,-0.0439560439560439,"11,12년"
86,서비스업,대웅,3.0,2.5,2.0,3.0,2.5,2.5,0.0,0.0,0.5,14550,20900,0.436426116838488,"11,12년"
87,서비스업,더존비즈온,3.0,2.5,2.0,2.0,2.5,2.0,-1.0,0.0,0.0,7140,11000,0.5406162464985994,"11,12년"
88,서비스업,두산,6.0,5.0,5.0,6.0,6.0,6.0,0.0,1.0,1.0,142500,126000,-0.1157894736842105,"11,12년"
89,서비스업,롯데관광개발,3.0,2.5,2.5,3.0,2.5,2.5,0.0,0.0,0.0,17150,12400,-0.2769679300291545,"11,12년"
90,서비스업,비상교육,3.0,2.5,2.0,3.0,2.5,2.0,0.0,0.0,0.0,6520,13000,0.9938650306748468,"11,12년"
91,서비스업,삼성엔지니어링,4.0,4.0,2.5,4.0,4.0,2.5,0.0,0.0,0.0,230000,142500,-0.3804347826086957,"11,12년"
92,서비스업,삼성출판사,3.0,2.5,2.0,3.0,2.5,2.0,0.0,0.0,0.0,5700,4240,-0.256140350877193,"11,12년"
93,서비스업,성창기업지주,2.0,2.5,2.5,3.0,2.5,2.5,1.0,0.0,0.0,11400,23900,1.0964912280701755,"11,12년"
94,서비스업,세기상사,3.0,2.0,2.0,2.0,2.5,2.0,-1.0,0.5,0.0,29850,31100,0.0418760469011725,"11,12년"
95,서비스업,세아홀딩스,3.0,2.5,2.0,3.0,2.5,2.5,0.0,0.0,0.5,129000,94000,-0.2713178294573643,"11,12년"
96,서비스업,에스원,4.0,4.0,2.0,3.0,4.0,2.5,-1.0,0.0,0.5,58000,65800,0.1344827586206896,"11,12년"
97,서비스업,에쓰씨엔지니어링,2.0,2.5,2.0,2.0,2.5,2.5,0.0,0.0,0.5,2340,2240,-0.0427350427350427,"11,12년"
98,서비스업,엔씨소프트,4.0,2.5,2.0,5.0,2.5,2.5,1.0,0.0,0.5,351500,209000,-0.4054054054054054,"11,12년"
99,서비스업,영원무역홀딩스,3.0,2.0,2.0,3.0,2.5,2.5,0.0,0.5,0.5,42750,60700,0.4198830409356725,"11,12년"
100,서비스업,웅진씽크빅,4.0,4.0,4.0,3.0,4.0,4.0,-1.0,0.0,0.0,16100,6370,-0.6043478260869565,"11,12년"
101,서비스업,유엔젤,2.0,2.5,2.0,3.0,2.5,2.0,1.0,0.0,0.0,4050,5900,0.4567901234567901,"11,12년"
102,서비스업,이스타코,2.0,2.5,2.0,2.0,2.5,2.0,0.0,0.0,0.0,269,759,1.821561338289963,"11,12년"
103,서비스업,이월드,2.0,2.5,2.0,2.0,2.5,2.5,0.0,0.0,0.5,1060,791,-0.2537735849056604,"11,12년"
104,서비스업,일진홀딩스,2.0,2.0,2.5,2.0,2.5,2.5,0.0,0.5,0.0,2135,1680,-0.2131147540983606,"11,12년"
105,서비스업,제일기획,3.0,2.0,2.0,3.0,2.5,2.5,0.0,0.5,0.5,18300,21000,0.1475409836065573,"11,12년"
106,서비스업,진양홀딩스,3.0,2.5,2.0,3.0,2.5,2.5,0.0,0.0,0.5,1265,1630,0.2885375494071146,"11,12년"
107,서비스업,코오롱,3.0,2.5,2.5,3.0,4.0,2.5,0.0,1.5,0.0,25150,17200,-0.3161033797216699,"11,12년"
108,서비스업,콤텍시스템,3.0,2.5,2.0,3.0,2.5,2.0,0.0,0.0,0.0,1000,1150,0.15,"11,12년"
109,서비스업,텔코웨어,3.0,2.5,2.0,3.0,2.5,2.0,0.0,0.0,0.0,7340,8110,0.1049046321525885,"11,12년"
110,서비스업,평화홀딩스,3.0,2.5,2.0,3.0,2.5,2.0,0.0,0.0,0.0,3145,2800,-0.1096979332273449,"11,12년"
111,서비스업,풍산홀딩스,3.0,2.5,2.0,3.0,2.5,2.5,0.0,0.0,0.5,29700,23250,-0.2171717171717171,"11,12년"
112,서비스업,한국전자홀딩스,3.0,2.5,2.0,3.0,2.5,2.0,0.0,0.0,0.0,1285,1215,-0.0544747081712062,"11,12년"
113,서비스업,한미글로벌,3.0,4.0,2.5,3.0,2.5,2.5,0.0,-1.5,0.0,7590,7080,-0.067193675889328,"11,12년"
114,서비스업,한세예스24홀딩스,3.0,2.0,2.0,3.0,2.5,2.5,0.0,0.5,0.5,4050,7400,0.8271604938271605,"11,12년"
115,서비스업,한전기술,3.0,5.0,2.5,3.0,5.0,2.5,0.0,0.0,0.0,65200,64200,-0.0153374233128834,"11,12년"
116,서비스업,한진중공업홀딩스,4.0,2.5,2.0,4.0,2.5,2.5,0.0,0.0,0.5,7850,6970,-0.1121019108280254,"11,12년"
117,에너지업,경남에너지,3.0,2.5,2.0,3.0,2.5,2.5,0.0,0.0,0.5,3400,4245,0.2485294117647059,"11,12년"
118,에너지업,삼천리,4.0,2.5,2.5,4.0,4.0,2.5,0.0,1.5,0.0,96000,97300,0.0135416666666666,"11,12년"
119,에너지업,예스코,4.0,4.0,2.0,4.0,4.0,2.5,0.0,0.0,0.5,24350,30050,0.2340862422997946,"11,12년"
120,에너지업,인천도시가스,2.0,2.5,2.0,3.0,2.5,2.5,1.0,0.0,0.5,20450,23150,0.1320293398533007,"11,12년"
121,에너지업,한국가스공사,5.0,5.0,4.0,4.0,4.0,4.0,-1.0,-1.0,0.0,37750,76600,1.029139072847682,"11,12년"
122,운수 및 창고업,E1,4.0,2.5,2.5,3.0,4.0,2.5,-1.0,1.5,0.0,51300,62100,0.2105263157894736,"11,12년"
123,운수 및 창고업,GS글로벌,3.0,2.5,2.5,3.0,2.5,2.5,0.0,0.0,0.0,12200,13800,0.1311475409836065,"11,12년"
124,운수 및 창고업,KSS해운,3.0,2.5,2.0,3.0,2.5,2.5,0.0,0.0,0.5,3495,7000,1.0028612303290414,"11,12년"
125,운수 및 창고업,LG상사,3.0,2.5,2.5,4.0,2.5,2.5,1.0,0.0,0.0,49750,39600,-0.2040201005025125,"11,12년"
126,운수 및 창고업,LS네트웍스,3.0,2.5,2.0,3.0,2.5,2.5,0.0,0.0,0.5,4540,4320,-0.0484581497797356,"11,12년"
127,운수 및 창고업,SG세계물산,2.0,2.5,2.0,2.0,2.5,2.5,0.0,0.0,0.5,268,649,1.421641791044776,"11,12년"
128,운수 및 창고업,SK가스,3.0,2.5,2.5,2.0,4.0,2.5,-1.0,1.5,0.0,74000,79000,0.0675675675675675,"11,12년"
129,운수 및 창고업,SK네트웍스,5.0,6.0,2.5,5.0,5.0,2.5,0.0,-1.0,0.0,11300,9550,-0.1548672566371681,"11,12년"
130,운수 및 창고업,STX,4.0,4.0,4.0,3.0,4.0,4.0,-1.0,0.0,0.0,14400,8000,-0.4444444444444444,"11,12년"
131,운수 및 창고업,광주신세계,4.0,4.0,2.5,3.0,4.0,2.5,-1.0,0.0,0.0,179500,236000,0.3147632311977716,"11,12년"
133,운수 및 창고업,국보,3.0,2.5,2.5,2.0,2.5,2.5,-1.0,0.0,0.0,11150,14100,0.2645739910313901,"11,12년"
134,운수 및 창고업,남성,2.0,2.0,2.0,3.0,2.5,2.5,1.0,0.5,0.5,7180,7400,0.0306406685236768,"11,12년"
135,운수 및 창고업,대구백화점,4.0,2.5,2.5,3.0,4.0,2.5,-1.0,1.5,0.0,13700,13600,-0.0072992700729927,"11,12년"
136,운수 및 창고업,대한항공,4.0,5.0,5.0,3.0,5.0,6.0,-1.0,0.0,1.0,50000,48950,-0.021,"11,12년"
137,운수 및 창고업,동방,3.0,2.5,2.5,2.0,2.5,2.5,-1.0,0.0,0.0,3755,3950,0.0519307589880159,"11,12년"
138,운수 및 창고업,동양고속,3.0,2.5,2.0,3.0,2.5,2.5,0.0,0.0,0.5,16000,22300,0.39375,"11,12년"
139,운수 및 창고업,롯데미도파,2.0,2.5,2.0,4.0,4.0,4.0,2.0,1.5,2.0,15600,12550,-0.1955128205128205,"11,12년"
140,운수 및 창고업,롯데쇼핑,4.0,5.0,5.0,5.0,6.0,5.0,1.0,1.0,0.0,402000,337500,-0.1604477611940298,"11,12년"
141,운수 및 창고업,모나미,3.0,2.5,2.5,3.0,2.5,2.5,0.0,0.0,0.0,2230,4790,1.147982062780269,"11,12년"
142,운수 및 창고업,삼성물산,4.0,6.0,5.0,4.0,5.0,5.0,0.0,-1.0,0.0,69600,59300,-0.1479885057471264,"11,12년"
143,운수 및 창고업,삼영무역,3.0,2.5,2.0,3.0,2.5,2.5,0.0,0.0,0.5,5750,10600,0.8434782608695652,"11,12년"
144,운수 및 창고업,세방,3.0,2.5,2.5,3.0,2.5,2.5,0.0,0.0,0.0,14500,17800,0.2275862068965517,"11,12년"
145,운수 및 창고업,세우글로벌,3.0,2.0,2.0,2.0,2.5,2.5,-1.0,0.5,0.5,621,1515,1.4396135265700485,"11,12년"
146,운수 및 창고업,세이브존I&C,3.0,2.5,2.0,3.0,2.5,2.5,0.0,0.0,0.5,2305,2670,0.158351409978308,"11,12년"
147,운수 및 창고업,신성통상,2.0,2.5,2.0,2.0,2.5,2.5,0.0,0.0,0.5,810,1270,0.5679012345679012,"11,12년"
148,운수 및 창고업,신세계,5.0,2.5,2.5,4.0,4.0,2.5,-1.0,1.5,0.0,281000,195000,-0.3060498220640569,"11,12년"
149,운수 및 창고업,신일산업,2.0,2.5,2.5,3.0,2.5,2.5,1.0,0.0,0.0,294,1125,2.826530612244898,"11,12년"
150,운수 및 창고업,신흥,4.0,2.5,2.0,3.0,2.5,2.5,-1.0,0.0,0.5,9400,7480,-0.2042553191489361,"11,12년"
151,운수 및 창고업,아시아나항공,3.0,4.0,5.0,3.0,4.0,5.0,0.0,0.0,0.0,8110,6300,-0.2231812577065351,"11,12년"
152,운수 및 창고업,영원무역,3.0,2.0,2.0,3.0,2.5,2.5,0.0,0.5,0.5,25600,33800,0.3203125,"11,12년"
154,운수 및 창고업,윌비스,3.0,2.5,2.0,3.0,2.5,2.5,0.0,0.0,0.5,765,2915,2.810457516339869,"11,12년"
155,운수 및 창고업,유니퀘스트,2.0,2.0,2.0,3.0,2.5,2.5,1.0,0.5,0.5,2730,6580,1.4102564102564104,"11,12년"
156,운수 및 창고업,이화산업,2.0,2.5,2.5,2.0,2.5,2.5,0.0,0.0,0.0,6400,7510,0.1734375,"11,12년"
157,운수 및 창고업,진도,3.0,2.0,2.0,2.0,2.5,2.5,-1.0,0.5,0.5,7790,4380,-0.4377406931964056,"11,12년"
158,운수 및 창고업,천일고속,2.0,2.0,2.0,2.0,2.5,2.5,0.0,0.5,0.5,26300,29900,0.1368821292775665,"11,12년"
159,운수 및 창고업,한국공항,2.0,2.5,2.5,2.0,2.5,2.5,0.0,0.0,0.0,32700,28500,-0.128440366972477,"11,12년"
160,운수 및 창고업,한샘,3.0,4.0,2.5,3.0,2.5,2.5,0.0,-1.5,0.0,22500,18350,-0.1844444444444444,"11,12년"
161,운수 및 창고업,한익스프레스,3.0,2.5,2.5,2.0,2.5,2.5,-1.0,0.0,0.0,23100,17700,-0.2337662337662337,"11,12년"
162,운수 및 창고업,한진,3.0,2.5,2.0,2.0,2.5,4.0,-1.0,0.0,2.0,24850,23050,-0.0724346076458752,"11,12년"
163,운수 및 창고업,한진해운,4.0,4.0,2.5,3.0,4.0,4.0,-1.0,0.0,1.5,11100,12150,0.0945945945945946,"11,12년"
164,운수 및 창고업,한창,2.0,2.5,2.0,2.0,2.5,2.5,0.0,0.0,0.5,351,626,0.7834757834757835,"11,12년"
165,운수 및 창고업,현대그린푸드,3.0,2.5,2.0,3.0,4.0,2.5,0.0,1.5,0.5,15100,18100,0.1986754966887417,"11,12년"
166,운수 및 창고업,현대글로비스,3.0,4.0,2.5,3.0,4.0,2.5,0.0,0.0,0.0,210000,227000,0.0809523809523809,"11,12년"
167,운수 및 창고업,현대백화점,4.0,4.0,2.0,4.0,4.0,2.5,0.0,0.0,0.5,161000,135500,-0.1583850931677018,"11,12년"
168,운수 및 창고업,현대상선,5.0,5.0,5.0,3.0,4.0,4.0,-2.0,-1.0,-1.0,29000,26250,-0.0948275862068965,"11,12년"
169,운수 및 창고업,혜인,2.0,2.5,2.0,3.0,2.5,2.5,1.0,0.0,0.5,5150,3715,-0.2786407766990291,"11,12년"
170,운수 및 창고업,호텔신라,3.0,2.5,2.5,3.0,2.5,2.5,0.0,0.0,0.0,37850,46000,0.2153236459709379,"11,12년"
171,운수 및 창고업,흥아해운,3.0,2.5,2.0,3.0,2.5,2.5,0.0,0.0,0.5,675,1095,0.6222222222222222,"11,12년"
172,의약품,JW중외제약,3.0,2.5,2.5,3.0,2.5,2.5,0.0,0.0,0.0,17200,14000,-0.1860465116279069,"11,12년"
173,의약품,LG생명과학,4.0,4.0,5.0,4.0,4.0,4.0,0.0,0.0,-1.0,39000,45650,0.1705128205128205,"11,12년"
174,의약품,광동제약,2.0,2.5,2.5,3.0,2.5,2.5,1.0,0.0,0.0,3350,5260,0.5701492537313433,"11,12년"
175,의약품,국제약품,3.0,2.5,2.5,3.0,2.5,2.5,0.0,0.0,0.0,2520,2810,0.115079365079365,"11,12년"
176,의약품,녹십자,3.0,2.5,2.5,3.0,2.5,4.0,0.0,0.0,1.5,173000,158000,-0.0867052023121387,"11,12년"
177,의약품,대웅제약,3.0,2.5,2.0,3.0,4.0,4.0,0.0,1.5,2.0,32800,48100,0.4664634146341463,"11,12년"
178,의약품,대원제약,4.0,2.5,2.0,3.0,4.0,2.5,-1.0,1.5,0.5,5300,10850,1.0471698113207548,"11,12년"
179,의약품,동성제약,3.0,2.5,2.0,3.0,2.5,2.5,0.0,0.0,0.5,1205,4790,2.975103734439834,"11,12년"
180,의약품,동화약품,4.0,2.5,2.5,4.0,2.5,2.5,0.0,0.0,0.0,4525,6500,0.43646408839779,"11,12년"
181,의약품,명문제약,4.0,2.5,2.0,3.0,2.5,2.5,-1.0,0.0,0.5,3140,3420,0.0891719745222929,"11,12년"
182,의약품,보령제약,3.0,2.5,2.0,3.0,2.5,2.5,0.0,0.0,0.5,18050,24800,0.3739612188365651,"11,12년"
183,의약품,부광약품,4.0,2.5,2.0,4.0,2.5,2.5,0.0,0.0,0.5,18000,16650,-0.075,"11,12년"
184,의약품,삼성제약,3.0,2.5,2.0,3.0,2.0,2.5,0.0,-0.5,0.5,1855,2355,0.2695417789757412,"11,12년"
185,의약품,삼일제약,3.0,2.5,2.0,3.0,2.5,2.5,0.0,0.0,0.5,4400,5570,0.2659090909090909,"11,12년"
186,의약품,삼진제약,4.0,2.5,2.0,3.0,2.5,2.5,-1.0,0.0,0.5,8660,12150,0.4030023094688221,"11,12년"
187,의약품,신풍제약,3.0,2.5,2.5,2.0,2.5,2.5,-1.0,0.0,0.0,4110,5100,0.2408759124087591,"11,12년"
188,의약품,알앤엘바이오,2.0,2.5,2.0,2.0,2.5,2.5,0.0,0.0,0.5,7730,4015,-0.4805950840879689,"11,12년"
189,의약품,영진약품,3.0,2.5,2.5,3.0,2.5,2.5,0.0,0.0,0.0,895,1900,1.1229050279329609,"11,12년"
190,의약품,오리엔트바이오,2.0,2.0,2.0,2.0,2.5,2.5,0.0,0.5,0.5,716,814,0.1368715083798882,"11,12년"
191,의약품,우리들제약,2.0,2.5,2.0,2.0,2.5,2.5,0.0,0.0,0.5,475,2560,4.389473684210526,"11,12년"
192,의약품,유유제약,3.0,2.5,2.0,3.0,2.5,2.5,0.0,0.0,0.5,5360,7540,0.4067164179104477,"11,12년"
193,의약품,유한양행,3.0,2.5,2.5,4.0,2.5,4.0,1.0,0.0,1.5,122500,188500,0.5387755102040817,"11,12년"
194,의약품,일성신약,2.0,2.5,2.0,3.0,2.5,2.5,1.0,0.0,0.5,72600,82900,0.1418732782369146,"11,12년"
195,의약품,일양약품,3.0,2.5,2.0,3.0,2.5,2.5,0.0,0.0,0.5,34450,25250,-0.2670537010159651,"11,12년"
196,의약품,종근당바이오,2.0,2.0,2.5,2.0,2.5,2.5,0.0,0.5,0.0,14450,13800,-0.0449826989619377,"11,12년"
197,의약품,태평양제약,3.0,2.5,2.5,3.0,2.5,4.0,0.0,0.0,1.5,21500,33800,0.5720930232558139,"11,12년"
198,의약품,한올바이오파마,3.0,4.0,2.0,3.0,2.5,2.5,0.0,-1.5,0.5,9490,8800,-0.0727081138040042,"11,12년"
199,의약품,현대약품,4.0,2.5,2.5,4.0,4.0,4.0,0.0,1.5,1.5,1275,1750,0.3725490196078431,"11,12년"
200,의약품,환인제약,3.0,2.5,2.0,4.0,2.5,2.5,1.0,0.0,0.5,6190,9600,0.5508885298869144,"11,12년"
201,정보통신업,LG유플러스,5.0,2.5,2.0,4.0,4.0,2.5,-1.0,1.5,0.5,6680,6970,0.0434131736526946,"11,12년"
202,정보통신업,SK텔레콤,6.0,6.0,6.0,4.0,5.0,6.0,-2.0,-1.0,0.0,148000,153500,0.0371621621621621,"11,12년"
203,제조업,BYC,3.0,2.5,2.5,2.0,2.5,2.5,-1.0,0.0,0.0,156000,185000,0.1858974358974359,"11,12년"
204,제조업,CJ씨푸드,2.0,2.0,2.0,2.0,2.5,2.5,0.0,0.5,0.5,2970,3095,0.042087542087542,"11,12년"
205,제조업,CJ제일제당,4.0,4.0,5.0,4.0,2.5,4.0,0.0,-1.5,-1.0,308000,342500,0.112012987012987,"11,12년"
206,제조업,DSR제강,2.0,2.5,2.0,2.0,2.5,2.5,0.0,0.0,0.5,3490,2940,-0.157593123209169,"11,12년"
207,제조업,F&F,3.0,2.0,2.0,3.0,2.5,2.5,0.0,0.5,0.5,7500,6100,-0.1866666666666666,"11,12년"
208,제조업,KEC,2.0,2.5,2.5,2.0,2.5,2.5,0.0,0.0,0.0,865,542,-0.3734104046242774,"11,12년"
209,제조업,KGP,2.0,2.5,2.5,2.0,2.5,2.5,0.0,0.0,0.0,1280,1610,0.2578125,"11,12년"
210,제조업,KG케미칼,2.0,2.5,2.5,2.0,2.5,2.5,0.0,0.0,0.0,7930,11550,0.4564943253467843,"11,12년"
211,제조업,KPX그린케미칼,3.0,2.0,2.5,3.0,2.5,4.0,0.0,0.5,1.5,3065,3995,0.3034257748776509,"11,12년"
212,제조업,KPX케미칼,3.0,2.0,2.5,3.0,2.5,4.0,0.0,0.5,1.5,53500,50200,-0.0616822429906542,"11,12년"
213,제조업,LG디스플레이,4.0,4.0,4.0,4.0,4.0,4.0,0.0,0.0,0.0,22850,32400,0.4179431072210066,"11,12년"
214,제조업,LG생활건강,4.0,5.0,5.0,4.0,6.0,5.0,0.0,1.0,0.0,503000,641000,0.2743538767395626,"11,12년"
215,제조업,LG이노텍,4.0,5.0,5.0,4.0,5.0,5.0,0.0,0.0,0.0,74400,75300,0.0120967741935483,"11,12년"
216,제조업,LG전자,4.0,5.0,5.0,4.0,5.0,5.0,0.0,0.0,0.0,74700,75900,0.0160642570281124,"11,12년"
217,제조업,LG하우시스,4.0,2.5,4.0,4.0,5.0,4.0,0.0,2.5,0.0,80300,78400,-0.0236612702366127,"11,12년"
218,제조업,LG화학,4.0,5.0,5.0,4.0,5.0,5.0,0.0,0.0,0.0,364000,306000,-0.1593406593406593,"11,12년"
219,제조업,LS산전,5.0,2.5,2.5,4.0,2.5,4.0,-1.0,0.0,1.5,55400,68200,0.2310469314079422,"11,12년"
220,제조업,MH에탄올,3.0,2.0,2.5,3.0,2.5,2.5,0.0,0.5,0.0,2720,3025,0.1121323529411764,"11,12년"
221,제조업,NI스틸,3.0,2.0,2.0,2.0,2.5,2.5,-1.0,0.5,0.5,1960,1610,-0.1785714285714285,"11,12년"
222,제조업,OCI,5.0,5.0,5.0,4.0,5.0,5.0,-1.0,0.0,0.0,233000,154000,-0.3390557939914163,"11,12년"
223,제조업,S&TC,3.0,2.5,2.0,3.0,2.5,2.5,0.0,0.0,0.5,15850,15550,-0.0189274447949526,"11,12년"
224,제조업,S&T중공업,3.0,2.5,2.5,3.0,2.5,2.5,0.0,0.0,0.0,15100,10950,-0.2748344370860927,"11,12년"
225,제조업,S-Oil,5.0,5.0,6.0,5.0,5.0,6.0,0.0,0.0,0.0,117500,99900,-0.1497872340425532,"11,12년"
226,제조업,SH에너지화학,2.0,2.5,2.0,3.0,2.5,2.5,1.0,0.0,0.5,318,913,1.871069182389937,"11,12년"
227,제조업,SIMPAC,2.0,2.5,2.0,3.0,2.5,2.5,1.0,0.0,0.5,5320,7500,0.4097744360902255,"11,12년"
228,제조업,SKC,5.0,5.0,6.0,5.0,5.0,5.0,0.0,0.0,-1.0,43350,44600,0.0288350634371395,"11,12년"
229,제조업,STX엔진,3.0,5.0,5.0,3.0,5.0,5.0,0.0,0.0,0.0,19650,8000,-0.5928753180661578,"11,12년"
230,제조업,STX조선해양,3.0,5.0,4.0,2.0,4.0,4.0,-1.0,-1.0,0.0,15900,7900,-0.5031446540880503,"11,12년"
231,제조업,TCC동양,3.0,2.5,2.5,2.0,2.5,2.5,-1.0,0.0,0.0,5460,4750,-0.13003663003663,"11,12년"
232,제조업,WISCOM,3.0,2.5,2.0,4.0,2.5,2.5,1.0,0.0,0.5,3955,4325,0.0935524652338811,"11,12년"
233,제조업,가온전선,3.0,2.0,2.5,3.0,2.5,2.5,0.0,0.5,0.0,15400,21650,0.4058441558441558,"11,12년"
234,제조업,경농,3.0,2.5,2.5,3.0,2.5,4.0,0.0,0.0,1.5,2945,3370,0.1443123938879456,"11,12년"
235,제조업,경동나비엔,3.0,2.5,2.5,2.0,2.5,2.5,-1.0,0.0,0.0,6010,11450,0.9051580698835274,"11,12년"
236,제조업,경방,3.0,2.5,2.0,3.0,2.5,2.5,0.0,0.0,0.5,94300,101500,0.0763520678685047,"11,12년"
237,제조업,경인양행,3.0,2.5,2.5,3.0,2.5,4.0,0.0,0.0,1.5,2550,2745,0.0764705882352941,"11,12년"
238,제조업,경인전자,3.0,2.0,2.0,3.0,2.5,2.5,0.0,0.5,0.5,11600,13700,0.1810344827586207,"11,12년"
239,제조업,계양전기,3.0,2.5,2.0,3.0,4.0,2.5,0.0,1.5,0.5,2870,2480,-0.1358885017421602,"11,12년"
240,제조업,고려산업,2.0,2.5,2.0,2.0,2.5,2.5,0.0,0.0,0.5,3270,4700,0.437308868501529,"11,12년"
241,제조업,고려아연,4.0,2.5,2.5,4.0,2.5,4.0,0.0,0.0,1.5,329000,448000,0.3617021276595745,"11,12년"
242,제조업,고려제강,2.0,2.5,2.0,2.0,2.5,2.5,0.0,0.0,0.5,44200,31650,-0.2839366515837104,"11,12년"
243,제조업,광명전기,3.0,2.0,2.5,3.0,2.5,2.5,0.0,0.5,0.0,1925,2390,0.2415584415584415,"11,12년"
244,제조업,광전자,2.0,2.0,2.5,3.0,2.5,2.5,1.0,0.5,0.0,2740,2125,-0.2244525547445255,"11,12년"
245,제조업,국도화학,3.0,2.5,2.5,3.0,2.5,4.0,0.0,0.0,1.5,43000,42700,-0.0069767441860465,"11,12년"
246,제조업,극동유화,3.0,2.5,2.5,3.0,2.5,2.5,0.0,0.0,0.0,16850,22300,0.3234421364985163,"11,12년"
247,제조업,금강공업,3.0,2.5,2.0,3.0,2.5,2.5,0.0,0.0,0.5,12500,10650,-0.148,"11,12년"
248,제조업,금비,2.0,2.0,2.0,2.0,2.5,2.5,0.0,0.5,0.5,36500,31000,-0.1506849315068493,"11,12년"
249,제조업,금양,3.0,2.0,2.0,3.0,2.5,2.5,0.0,0.5,0.5,793,1035,0.3051702395964691,"11,12년"
250,제조업,금호전기,3.0,2.5,2.5,3.0,2.5,2.5,0.0,0.0,0.0,22150,27500,0.2415349887133182,"11,12년"
251,제조업,기신정기,4.0,2.5,2.0,3.0,2.5,2.5,-1.0,0.0,0.5,4720,5970,0.2648305084745763,"11,12년"
252,제조업,깨끗한나라,3.0,2.5,4.0,2.0,2.5,4.0,-1.0,0.0,0.0,4040,4230,0.047029702970297,"11,12년"
253,제조업,남선알미늄,2.0,2.0,2.5,2.0,2.5,2.5,0.0,0.5,0.0,637,495,-0.2229199372056514,"11,12년"
254,제조업,남양유업,3.0,2.0,2.0,3.0,2.5,2.5,0.0,0.5,0.5,782000,945000,0.2084398976982097,"11,12년"
255,제조업,남영비비안,3.0,2.5,2.0,3.0,2.5,2.5,0.0,0.0,0.5,8230,7480,-0.0911300121506683,"11,12년"
256,제조업,남해화학,3.0,2.5,2.5,2.0,2.5,4.0,-1.0,0.0,1.5,11050,9880,-0.1058823529411764,"11,12년"
257,제조업,넥센,3.0,2.5,2.0,3.0,2.5,2.5,0.0,0.0,0.5,74800,84500,0.1296791443850267,"11,12년"
258,제조업,넥센타이어,2.0,2.5,2.5,2.0,2.5,4.0,0.0,0.0,1.5,19000,17050,-0.1026315789473684,"11,12년"
259,제조업,노루페인트,3.0,2.5,2.5,3.0,2.5,4.0,0.0,0.0,1.5,2935,4980,0.696763202725724,"11,12년"
260,제조업,농심,3.0,2.5,2.5,3.0,2.5,4.0,0.0,0.0,1.5,218500,258000,0.1807780320366132,"11,12년"
261,제조업,대덕GDS,3.0,2.5,5.0,3.0,2.5,4.0,0.0,0.0,-1.0,9240,11900,0.2878787878787879,"11,12년"
262,제조업,대덕전자,3.0,2.5,2.5,3.0,2.5,2.5,0.0,0.0,0.0,10900,9230,-0.1532110091743119,"11,12년"
263,제조업,대동공업,3.0,2.5,2.5,3.0,2.5,2.5,0.0,0.0,0.0,3645,6150,0.6872427983539094,"11,12년"
264,제조업,대동전자,2.0,2.0,2.0,2.0,2.5,2.5,0.0,0.5,0.5,2740,2210,-0.1934306569343065,"11,12년"
265,제조업,대림통상,2.0,2.5,2.5,3.0,2.5,2.5,1.0,0.0,0.0,4020,4155,0.0335820895522388,"11,12년"
266,제조업,대상,3.0,2.5,2.5,2.0,4.0,2.5,-1.0,1.5,0.0,14100,26450,0.875886524822695,"11,12년"
267,제조업,대양금속,2.0,2.0,2.0,2.0,2.5,2.5,0.0,0.5,0.5,965,187,-0.8062176165803109,"11,12년"
268,제조업,대영포장,2.0,2.5,2.5,2.0,2.5,2.5,0.0,0.0,0.0,368,930,1.5271739130434785,"11,12년"
269,제조업,대우부품,2.0,2.5,2.0,2.0,2.5,2.5,0.0,0.0,0.5,849,807,-0.0494699646643109,"11,12년"
270,제조업,대우조선해양,4.0,4.0,5.0,4.0,2.5,4.0,0.0,-1.5,-1.0,27950,23400,-0.1627906976744186,"11,12년"
271,제조업,대원강업,2.0,2.5,2.5,3.0,2.5,2.5,1.0,0.0,0.0,5060,7610,0.5039525691699605,"11,12년"
272,제조업,대원전선,2.0,2.0,2.5,3.0,2.0,2.5,1.0,0.0,0.0,620,859,0.3854838709677419,"11,12년"
273,제조업,대원화성,3.0,2.0,2.5,3.0,2.5,4.0,0.0,0.5,1.5,828,927,0.1195652173913043,"11,12년"
274,제조업,대유에이텍,2.0,2.5,2.5,2.0,2.5,2.5,0.0,0.0,0.0,2030,1725,-0.1502463054187192,"11,12년"
275,제조업,대창,2.0,2.5,2.5,3.0,2.5,4.0,1.0,0.0,1.5,1275,1250,-0.0196078431372549,"11,12년"
276,제조업,대창단조,2.0,2.0,2.5,2.0,2.5,2.5,0.0,0.5,0.0,36450,47200,0.2949245541838134,"11,12년"
277,제조업,대한방직,3.0,2.0,2.0,3.0,2.5,2.5,0.0,0.5,0.5,24250,21900,-0.0969072164948453,"11,12년"
278,제조업,대한유화,3.0,2.5,2.5,3.0,2.5,4.0,0.0,0.0,1.5,93500,49750,-0.4679144385026738,"11,12년"
279,제조업,대한전선,3.0,2.0,2.5,3.0,2.5,4.0,0.0,0.5,1.5,4125,1615,-0.6084848484848485,"11,12년"
280,제조업,대한제강,3.0,2.5,2.5,3.0,4.0,4.0,0.0,1.5,1.5,5790,9080,0.5682210708117443,"11,12년"
281,제조업,대한제당,3.0,2.5,2.0,3.0,2.5,2.5,0.0,0.0,0.5,22400,26450,0.1808035714285714,"11,12년"
282,제조업,대한제분,3.0,2.5,2.0,3.0,2.5,2.5,0.0,0.0,0.5,143000,125000,-0.1258741258741259,"11,12년"
283,제조업,대한화섬,2.0,2.5,2.5,2.0,2.5,2.5,0.0,0.0,0.0,80400,64300,-0.2002487562189054,"11,12년"
284,제조업,대현,4.0,2.0,2.0,3.0,2.5,2.5,-1.0,0.5,0.5,1395,1210,-0.1326164874551971,"11,12년"
285,제조업,대호에이엘,3.0,2.0,2.5,2.0,2.5,4.0,-1.0,0.5,1.5,2670,2460,-0.0786516853932584,"11,12년"
286,제조업,덕성,3.0,2.0,2.0,3.0,2.5,2.5,0.0,0.5,0.5,1855,3000,0.6172506738544474,"11,12년"
287,제조업,덕양산업,2.0,2.0,2.0,3.0,2.5,2.5,1.0,0.5,0.5,8630,16200,0.8771726535341831,"11,12년"
288,제조업,동국실업,2.0,2.0,2.5,2.0,2.5,2.5,0.0,0.5,0.0,1585,2860,0.804416403785489,"11,12년"
289,제조업,동국제강,4.0,2.5,2.5,4.0,2.5,4.0,0.0,0.0,1.5,26250,14000,-0.4666666666666667,"11,12년"
290,제조업,동남합성,2.0,2.0,2.0,2.0,2.5,2.5,0.0,0.5,0.5,34900,35000,0.0028653295128939,"11,12년"
291,제조업,동방아그로,3.0,2.5,2.0,3.0,2.5,2.5,0.0,0.0,0.5,6240,6430,0.0304487179487179,"11,12년"
292,제조업,동부제철,4.0,4.0,4.0,3.0,4.0,4.0,-1.0,0.0,0.0,5770,3625,-0.3717504332755633,"11,12년"
294,제조업,동아에스텍,3.0,2.5,2.5,3.0,2.5,2.5,0.0,0.0,0.0,1920,2605,0.3567708333333333,"11,12년"
295,제조업,동양,3.0,2.5,2.0,3.0,2.5,2.5,0.0,0.0,0.5,905,809,-0.1060773480662983,"11,12년"
296,제조업,동양철관,2.0,2.5,2.5,2.0,2.5,2.5,0.0,0.0,0.0,3300,1715,-0.4803030303030303,"11,12년"
297,제조업,동원F&B,2.0,2.5,2.5,3.0,2.5,2.5,1.0,0.0,0.0,64200,70500,0.0981308411214953,"11,12년"
298,제조업,동원금속,2.0,2.0,2.5,2.0,2.5,2.5,0.0,0.5,0.0,1710,1770,0.0350877192982456,"11,12년"
299,제조업,동원시스템즈,2.0,2.0,2.5,2.0,2.5,2.5,0.0,0.5,0.0,984,1040,0.056910569105691,"11,12년"
300,제조업,동일방직,3.0,2.0,2.0,3.0,2.5,2.5,0.0,0.5,0.5,52600,43200,-0.1787072243346007,"11,12년"
301,제조업,동일산업,3.0,2.0,2.5,3.0,2.0,4.0,0.0,0.0,1.5,58400,48550,-0.1686643835616438,"11,12년"
302,제조업,동일제지,3.0,2.5,2.0,3.0,2.5,2.5,0.0,0.0,0.5,1465,1880,0.2832764505119454,"11,12년"
303,제조업,두산인프라코어,6.0,4.0,5.0,6.0,6.0,6.0,0.0,2.0,1.0,19400,16100,-0.1701030927835051,"11,12년"
304,제조업,두산중공업,5.0,4.0,2.5,5.0,6.0,5.0,0.0,2.0,2.5,60000,46700,-0.2216666666666666,"11,12년"
305,제조업,디씨엠,3.0,2.5,2.0,3.0,2.5,2.5,0.0,0.0,0.5,9090,10500,0.1551155115511551,"11,12년"
307,제조업,디아이씨,3.0,2.5,2.5,3.0,2.5,2.5,0.0,0.0,0.0,7900,4205,-0.4677215189873417,"11,12년"
308,제조업,디피씨,3.0,2.5,2.0,3.0,2.5,2.5,0.0,0.0,0.5,1670,2740,0.6407185628742516,"11,12년"
309,제조업,로케트전기,2.0,2.5,2.0,2.0,2.5,2.5,0.0,0.0,0.5,6600,8100,0.2272727272727272,"11,12년"
310,제조업,마니커,2.0,2.5,2.0,2.0,2.5,2.5,0.0,0.0,0.5,1170,679,-0.4196581196581196,"11,12년"
311,제조업,만호제강,3.0,2.5,2.0,3.0,2.5,2.5,0.0,0.0,0.5,15200,14700,-0.0328947368421052,"11,12년"
312,제조업,모나리자,2.0,2.5,2.0,2.0,2.5,2.5,0.0,0.0,0.5,2480,4200,0.6935483870967742,"11,12년"
313,제조업,모토닉,3.0,2.0,2.5,3.0,2.5,2.5,0.0,0.5,0.0,7860,12350,0.5712468193384224,"11,12년"
314,제조업,무림P&P,3.0,2.5,2.5,3.0,2.5,2.5,0.0,0.0,0.0,5740,3560,-0.3797909407665505,"11,12년"
315,제조업,무림페이퍼,3.0,2.5,2.5,3.0,2.5,4.0,0.0,0.0,1.5,2810,2495,-0.1120996441281138,"11,12년"
316,제조업,문배철강,3.0,2.0,2.0,3.0,2.5,2.5,0.0,0.5,0.5,1900,1675,-0.1184210526315789,"11,12년"
317,제조업,미래산업,4.0,2.5,2.5,4.0,2.5,2.5,0.0,0.0,0.0,288,529,0.8368055555555556,"11,12년"
318,제조업,미원상사,3.0,2.5,2.5,3.0,2.5,2.5,0.0,0.0,0.0,95500,133000,0.3926701570680628,"11,12년"
319,제조업,방림,3.0,2.0,2.5,3.0,2.5,2.5,0.0,0.5,0.0,10250,11600,0.1317073170731707,"11,12년"
320,제조업,백광산업,3.0,2.0,2.5,3.0,2.5,4.0,0.0,0.5,1.5,37300,4235,-0.886461126005362,"11,12년"
321,제조업,백광소재,2.0,2.5,2.0,2.0,2.5,2.5,0.0,0.0,0.5,19350,20000,0.0335917312661498,"11,12년"
322,제조업,백산,2.0,2.5,2.5,3.0,2.5,2.5,1.0,0.0,0.0,3295,3900,0.1836115326251896,"11,12년"
323,제조업,보락,3.0,2.5,2.5,3.0,2.5,4.0,0.0,0.0,1.5,2310,3285,0.422077922077922,"11,12년"
324,제조업,보해양조,3.0,2.0,2.0,2.0,2.5,4.0,-1.0,0.5,2.0,8900,810,-0.9089887640449438,"11,12년"
325,제조업,부국철강,3.0,2.0,2.0,3.0,2.5,2.5,0.0,0.5,0.5,1995,2030,0.0175438596491228,"11,12년"
326,제조업,부산산업,2.0,2.0,2.0,3.0,2.5,2.5,1.0,0.5,0.5,14750,17100,0.159322033898305,"11,12년"
327,제조업,부산주공,3.0,2.5,2.5,3.0,2.5,2.5,0.0,0.0,0.0,1610,1700,0.0559006211180124,"11,12년"
328,제조업,빙그레,3.0,4.0,2.0,3.0,4.0,2.5,0.0,0.0,0.5,56400,118500,1.101063829787234,"11,12년"
329,제조업,사조대림,3.0,2.5,2.0,3.0,2.5,2.5,0.0,0.0,0.5,17300,14200,-0.1791907514450867,"11,12년"
330,제조업,사조해표,3.0,2.5,2.0,3.0,2.5,2.5,0.0,0.0,0.5,19000,10100,-0.4684210526315789,"11,12년"
331,제조업,삼성SDI,3.0,6.0,6.0,4.0,5.0,6.0,1.0,-1.0,0.0,136000,137000,0.0073529411764705,"11,12년"
332,제조업,삼성공조,3.0,2.0,2.5,3.0,2.5,2.5,0.0,0.5,0.0,6540,7430,0.1360856269113149,"11,12년"
333,제조업,삼성전기,4.0,6.0,6.0,5.0,6.0,6.0,1.0,0.0,0.0,85400,93400,0.0936768149882904,"11,12년"
334,제조업,삼성전자,5.0,5.0,6.0,5.0,5.0,5.0,0.0,0.0,-1.0,968000,1310000,0.3533057851239669,"11,12년"
335,제조업,삼성중공업,3.0,2.5,4.0,3.0,6.0,4.0,0.0,3.5,0.0,34650,33350,-0.0375180375180375,"11,12년"
336,제조업,삼아알미늄,3.0,2.0,2.5,3.0,2.5,2.5,0.0,0.5,0.0,2700,3300,0.2222222222222222,"11,12년"
337,제조업,삼양식품,3.0,2.5,2.0,2.0,2.5,2.5,-1.0,0.0,0.5,22600,28350,0.2544247787610619,"11,12년"
338,제조업,삼양엔텍,2.0,2.5,2.0,2.0,2.5,2.5,0.0,0.0,0.5,18800,19100,0.0159574468085106,"11,12년"
339,제조업,삼양제넥스,3.0,2.5,2.5,3.0,4.0,4.0,0.0,1.5,1.5,69000,52300,-0.2420289855072463,"11,12년"
340,제조업,삼양통상,3.0,2.0,2.5,3.0,2.5,2.5,0.0,0.5,0.0,23000,22900,-0.0043478260869565,"11,12년"
341,제조업,삼익THK,3.0,2.5,2.0,3.0,2.5,2.5,0.0,0.0,0.5,8320,5920,-0.2884615384615384,"11,12년"
342,제조업,삼익악기,3.0,2.5,2.0,3.0,2.5,2.5,0.0,0.0,0.5,1710,1570,-0.0818713450292397,"11,12년"
343,제조업,삼정펄프,3.0,2.5,2.0,3.0,2.5,2.5,0.0,0.0,0.5,37200,49100,0.3198924731182795,"11,12년"
344,제조업,삼화왕관,3.0,2.5,2.5,2.0,2.5,2.5,-1.0,0.0,0.0,18900,21900,0.1587301587301587,"11,12년"
345,제조업,삼화전기,2.0,2.5,2.5,2.0,2.5,2.5,0.0,0.0,0.0,4085,3230,-0.2093023255813953,"11,12년"
346,제조업,상신브레이크,3.0,2.5,2.5,3.0,2.5,2.5,0.0,0.0,0.0,4750,3980,-0.1621052631578947,"11,12년"
347,제조업,새론오토모티브,2.0,2.0,2.5,3.0,2.5,4.0,1.0,0.5,1.5,4095,5670,0.3846153846153846,"11,12년"
348,제조업,서원,3.0,2.5,2.5,3.0,2.5,2.5,0.0,0.0,0.0,4475,3545,-0.2078212290502793,"11,12년"
349,제조업,선도전기,3.0,2.5,2.5,2.0,2.5,2.5,-1.0,0.0,0.0,2095,2500,0.1933174224343675,"11,12년"
350,제조업,선진지주,2.0,2.5,2.0,2.0,2.5,2.5,0.0,0.0,0.5,21250,20050,-0.0564705882352941,"11,12년"
351,제조업,선창산업,3.0,2.5,2.5,3.0,2.5,2.5,0.0,0.0,0.0,5600,7090,0.2660714285714285,"11,12년"
352,제조업,성문전자,2.0,2.5,2.5,2.0,2.5,2.5,0.0,0.0,0.0,2120,2080,-0.0188679245283018,"11,12년"
353,제조업,성보화학,3.0,2.0,2.0,3.0,2.5,2.5,0.0,0.5,0.5,22000,25000,0.1363636363636363,"11,12년"
354,제조업,성신양회,4.0,2.5,2.5,3.0,2.5,4.0,-1.0,0.0,1.5,2950,4270,0.447457627118644,"11,12년"
355,제조업,성안,2.0,2.5,2.0,2.0,2.5,2.5,0.0,0.0,0.5,696,1380,0.9827586206896552,"11,12년"
356,제조업,세방전지,3.0,2.5,2.5,4.0,4.0,4.0,1.0,1.5,1.5,39150,46400,0.1851851851851851,"11,12년"
357,제조업,세아베스틸,3.0,2.5,2.5,3.0,2.5,4.0,0.0,0.0,1.5,56800,25500,-0.551056338028169,"11,12년"
358,제조업,세아제강,3.0,2.5,2.5,3.0,2.5,4.0,0.0,0.0,1.5,83100,94100,0.1323706377858002,"11,12년"
359,제조업,세원셀론텍,3.0,2.5,2.0,2.0,2.5,2.5,-1.0,0.0,0.5,4130,3065,-0.2578692493946731,"11,12년"
360,제조업,세원정공,2.0,2.5,2.5,3.0,2.5,2.5,1.0,0.0,0.0,123500,17350,-0.8595141700404858,"11,12년"
361,제조업,세종공업,3.0,2.5,2.5,3.0,2.5,4.0,0.0,0.0,1.5,15900,12450,-0.2169811320754717,"11,12년"
362,제조업,세하,3.0,2.5,2.5,3.0,2.5,2.5,0.0,0.0,0.0,2030,820,-0.5960591133004927,"11,12년"
363,제조업,송원산업,3.0,2.5,2.5,3.0,2.5,4.0,0.0,0.0,1.5,12750,10800,-0.1529411764705882,"11,12년"
364,제조업,수산중공업,2.0,2.5,2.5,2.0,2.5,2.5,0.0,0.0,0.0,1640,1655,0.0091463414634146,"11,12년"
365,제조업,신대양제지,2.0,2.5,2.5,2.0,2.5,2.5,0.0,0.0,0.0,13550,20900,0.5424354243542435,"11,12년"
366,제조업,신도리코,2.0,2.5,2.5,3.0,2.5,4.0,1.0,0.0,1.5,49850,66200,0.3279839518555667,"11,12년"
367,제조업,신성에프에이,2.0,2.5,2.0,2.0,2.5,2.5,0.0,0.0,0.5,2260,897,-0.6030973451327434,"11,12년"
368,제조업,신성이엔지,2.0,2.5,2.0,2.0,2.5,2.5,0.0,0.0,0.5,3240,1520,-0.5308641975308642,"11,12년"
369,제조업,신영와코루,2.0,2.5,2.0,3.0,2.5,2.5,1.0,0.0,0.5,97800,96400,-0.0143149284253578,"11,12년"
370,제조업,신원,3.0,2.5,2.0,3.0,2.5,2.5,0.0,0.0,0.5,1150,1705,0.4826086956521739,"11,12년"
371,제조업,신풍제지,3.0,2.5,2.5,3.0,2.5,4.0,0.0,0.0,1.5,8090,8260,0.0210135970333745,"11,12년"
372,제조업,신화실업,3.0,2.0,2.0,2.0,2.5,2.5,-1.0,0.5,0.5,11300,13050,0.1548672566371681,"11,12년"
373,제조업,쌍방울,2.0,2.5,2.0,2.0,2.5,2.5,0.0,0.0,0.5,1400,1195,-0.1464285714285714,"11,12년"
375,제조업,아남전자,3.0,2.0,2.5,2.0,2.5,2.5,-1.0,0.5,0.0,419,653,0.5584725536992841,"11,12년"
376,제조업,아모레퍼시픽,5.0,5.0,5.0,4.0,6.0,5.0,-1.0,1.0,0.0,1256000,1240000,-0.0127388535031847,"11,12년"
377,제조업,아비스타,3.0,2.0,2.0,3.0,2.5,2.5,0.0,0.5,0.5,6400,5100,-0.203125,"11,12년"
378,제조업,아세아제지,2.0,2.5,2.5,2.0,2.5,2.5,0.0,0.0,0.0,8550,13750,0.6081871345029239,"11,12년"
379,제조업,아세아페이퍼텍,3.0,2.0,2.5,3.0,2.5,2.5,0.0,0.5,0.0,5700,7750,0.3596491228070175,"11,12년"
380,제조업,아이에스동서,2.0,2.5,2.5,2.0,2.5,2.5,0.0,0.0,0.0,8030,10850,0.3511830635118306,"11,12년"
381,제조업,에넥스,3.0,2.5,2.0,3.0,2.5,2.5,0.0,0.0,0.5,448,519,0.1584821428571428,"11,12년"
382,제조업,에스엘,3.0,2.5,2.5,3.0,4.0,2.5,0.0,1.5,0.0,26450,12650,-0.5217391304347826,"11,12년"
383,제조업,에이엔피,2.0,2.0,2.5,2.0,2.5,2.5,0.0,0.5,0.0,1065,1275,0.1971830985915492,"11,12년"
384,제조업,엔케이,2.0,2.5,2.5,3.0,2.5,2.5,1.0,0.0,0.0,4315,3800,-0.1193511008111239,"11,12년"
385,제조업,영보화학,2.0,2.5,2.5,2.0,2.5,2.5,0.0,0.0,0.0,2585,3275,0.2669245647969052,"11,12년"
386,제조업,영풍,2.0,2.0,2.5,2.0,2.5,4.0,0.0,0.5,1.5,1151000,1008000,-0.1242397914856646,"11,12년"
387,제조업,영풍제지,2.0,2.0,2.5,3.0,2.5,2.5,1.0,0.5,0.0,13000,15900,0.2230769230769231,"11,12년"
388,제조업,영화금속,2.0,2.0,2.0,2.0,2.5,2.5,0.0,0.5,0.5,512,1360,1.65625,"11,12년"
389,제조업,오뚜기,2.0,2.5,2.0,2.0,2.5,4.0,0.0,0.0,2.0,131000,237000,0.8091603053435115,"11,12년"
390,제조업,우성사료,2.0,2.5,2.0,3.0,2.5,2.5,1.0,0.0,0.5,1380,5230,2.789855072463768,"11,12년"
391,제조업,우신시스템,2.0,2.0,2.0,3.0,2.5,2.5,1.0,0.5,0.5,3200,2190,-0.315625,"11,12년"
392,제조업,원림,2.0,2.0,2.0,3.0,2.5,2.5,1.0,0.5,0.5,9350,13600,0.4545454545454545,"11,12년"
393,제조업,유니드,2.0,2.5,2.5,3.0,2.5,4.0,1.0,0.0,1.5,56600,36550,-0.3542402826855124,"11,12년"
394,제조업,유니온,3.0,2.5,2.5,3.0,2.5,2.5,0.0,0.0,0.0,5990,4465,-0.2545909849749582,"11,12년"
395,제조업,유니온스틸,2.0,2.0,2.5,3.0,2.5,4.0,1.0,0.5,1.5,18550,12450,-0.3288409703504043,"11,12년"
396,제조업,유성기업,2.0,2.5,2.5,2.0,2.5,4.0,0.0,0.0,1.5,2470,2980,0.2064777327935222,"11,12년"
397,제조업,유양디앤유,2.0,2.0,2.5,3.0,2.5,2.5,1.0,0.5,0.0,776,960,0.2371134020618556,"11,12년"
398,제조업,율촌화학,3.0,2.5,2.0,3.0,2.5,2.5,0.0,0.0,0.5,8350,8610,0.0311377245508982,"11,12년"
399,제조업,이건산업,2.0,2.5,2.5,2.0,2.5,2.5,0.0,0.0,0.0,4915,6280,0.2777212614445575,"11,12년"
400,제조업,이구산업,2.0,2.0,2.5,3.0,2.5,2.5,1.0,0.5,0.0,1585,1360,-0.1419558359621451,"11,12년"
401,제조업,이수페타시스,2.0,2.5,2.5,2.0,2.5,2.5,0.0,0.0,0.0,5720,4340,-0.2412587412587412,"11,12년"
402,제조업,이수화학,3.0,2.5,2.5,3.0,2.5,4.0,0.0,0.0,1.5,27450,21150,-0.2295081967213114,"11,12년"
403,제조업,인디에프,3.0,2.5,2.5,2.0,2.5,2.5,-1.0,0.0,0.0,620,595,-0.0403225806451612,"11,12년"
404,제조업,인지컨트롤스,2.0,2.0,2.5,2.0,2.5,2.5,0.0,0.5,0.0,6210,7290,0.1739130434782608,"11,12년"
405,제조업,인팩,2.0,2.5,2.5,3.0,2.5,2.5,1.0,0.0,0.0,4060,3630,-0.105911330049261,"11,12년"
406,제조업,일신방직,3.0,2.5,2.0,3.0,2.5,2.5,0.0,0.0,0.5,86200,79100,-0.0823665893271461,"11,12년"
407,제조업,일신석재,2.0,2.5,2.0,2.0,2.5,2.5,0.0,0.0,0.5,824,843,0.0230582524271844,"11,12년"
408,제조업,일정실업,2.0,2.5,2.0,2.0,2.5,2.5,0.0,0.0,0.5,13200,14900,0.1287878787878787,"11,12년"
409,제조업,일진다이아,2.0,2.5,2.5,3.0,2.5,2.5,1.0,0.0,0.0,10600,6710,-0.3669811320754716,"11,12년"
410,제조업,일진디스플,2.0,2.0,2.5,2.0,2.5,2.5,0.0,0.5,0.0,10400,21500,1.0673076923076923,"11,12년"
411,제조업,일진전기,3.0,4.0,4.0,3.0,4.0,4.0,0.0,0.0,0.0,5310,4600,-0.1337099811676083,"11,12년"
412,제조업,자화전자,2.0,2.5,2.5,3.0,2.5,2.5,1.0,0.0,0.0,9990,14550,0.4564564564564564,"11,12년"
413,제조업,전방,2.0,2.5,2.0,3.0,2.5,2.5,1.0,0.0,0.5,30700,24050,-0.2166123778501628,"11,12년"
414,제조업,제일모직,5.0,5.0,6.0,5.0,5.0,5.0,0.0,0.0,-1.0,99600,93400,-0.0622489959839357,"11,12년"
415,제조업,제일연마,2.0,2.5,2.5,2.0,2.5,2.5,0.0,0.0,0.0,5470,5390,-0.0146252285191956,"11,12년"
416,제조업,조광페인트,2.0,2.5,2.5,3.0,2.5,4.0,1.0,0.0,1.5,3460,7240,1.092485549132948,"11,12년"
417,제조업,조광피혁,2.0,2.0,2.0,4.0,2.5,2.5,2.0,0.5,0.5,10350,17400,0.6811594202898551,"11,12년"
418,제조업,조비,2.0,2.5,2.0,2.0,2.5,2.5,0.0,0.0,0.5,14450,13850,-0.0415224913494809,"11,12년"
419,제조업,조선내화,2.0,2.5,2.0,3.0,2.5,2.5,1.0,0.0,0.5,64100,63300,-0.0124804992199688,"11,12년"
420,제조업,조일알미늄,3.0,2.0,2.5,3.0,2.5,4.0,0.0,0.5,1.5,8720,1370,-0.8428899082568807,"11,12년"
421,제조업,조흥,3.0,2.0,2.5,3.0,2.5,4.0,0.0,0.5,1.5,70000,70000,0.0,"11,12년"
422,제조업,주연테크,3.0,2.5,2.0,3.0,2.5,2.5,0.0,0.0,0.5,410,1235,2.0121951219512195,"11,12년"
423,제조업,지코,2.0,2.0,2.0,3.0,2.5,2.5,1.0,0.5,0.5,721,639,-0.1137309292649098,"11,12년"
424,제조업,진양산업,2.0,2.0,2.0,3.0,2.5,2.5,1.0,0.5,0.5,1860,2620,0.4086021505376344,"11,12년"
425,제조업,진양화학,3.0,2.0,2.5,3.0,2.5,2.5,0.0,0.5,0.0,1130,1655,0.4646017699115044,"11,12년"
426,제조업,참엔지니어링,3.0,2.5,2.0,2.0,2.5,2.5,-1.0,0.0,0.5,2460,1920,-0.2195121951219512,"11,12년"
427,제조업,청호컴넷,3.0,2.5,2.0,3.0,2.5,2.5,0.0,0.0,0.5,4195,3520,-0.1609058402860548,"11,12년"
428,제조업,체시스,2.0,2.5,2.5,2.0,2.5,2.5,0.0,0.0,0.0,1380,1705,0.2355072463768115,"11,12년"
429,제조업,카프로,3.0,2.5,2.5,3.0,2.5,4.0,0.0,0.0,1.5,27450,12900,-0.5300546448087432,"11,12년"
430,제조업,케이피케미칼,3.0,2.5,2.5,4.0,5.0,5.0,1.0,2.5,2.5,16000,10800,-0.325,"11,12년"
431,제조업,코리아써키트,3.0,2.5,2.5,2.0,2.5,2.5,-1.0,0.0,0.0,5390,19000,2.5250463821892395,"11,12년"
432,제조업,코스모신소재,3.0,2.5,2.0,3.0,2.5,2.5,0.0,0.0,0.5,6740,4705,-0.3019287833827893,"11,12년"
433,제조업,코스모화학,3.0,2.5,2.5,3.0,2.5,4.0,0.0,0.0,1.5,19250,9600,-0.5012987012987012,"11,12년"
434,제조업,코아스,2.0,2.5,2.5,2.0,2.5,2.5,0.0,0.0,0.0,914,1240,0.3566739606126914,"11,12년"
435,제조업,태경산업,3.0,2.5,2.0,2.0,2.5,2.5,-1.0,0.0,0.5,3085,3385,0.0972447325769854,"11,12년"
436,제조업,태경화학,2.0,2.5,2.0,2.0,2.5,2.5,0.0,0.0,0.5,3250,4085,0.2569230769230769,"11,12년"
437,제조업,태광산업,3.0,2.5,2.5,2.0,2.5,2.5,-1.0,0.0,0.0,1485000,1014000,-0.3171717171717171,"11,12년"
438,제조업,태림포장,2.0,2.0,2.5,2.0,2.5,2.5,0.0,0.5,0.0,1275,1685,0.3215686274509804,"11,12년"
439,제조업,태원물산,3.0,2.0,2.0,3.0,2.5,2.5,0.0,0.5,0.5,1835,2265,0.2343324250681198,"11,12년"
440,제조업,태평양물산,3.0,2.5,2.0,3.0,2.5,2.5,0.0,0.0,0.5,14150,22600,0.5971731448763251,"11,12년"
441,제조업,티에이치엔,2.0,2.5,2.5,3.0,2.5,2.5,1.0,0.0,0.0,1270,1960,0.5433070866141733,"11,12년"
442,제조업,파미셀,2.0,2.0,2.0,3.0,2.5,2.5,1.0,0.5,0.5,100500,5830,-0.9419900497512438,"11,12년"
443,제조업,파브코,3.0,2.5,2.5,3.0,2.5,2.5,0.0,0.0,0.0,1740,1420,-0.1839080459770115,"11,12년"
444,제조업,팜스코,2.0,2.5,2.5,2.0,2.5,2.5,0.0,0.0,0.0,3250,4450,0.3692307692307692,"11,12년"
445,제조업,퍼스텍,3.0,2.5,2.0,3.0,2.5,2.5,0.0,0.0,0.5,1700,1890,0.1117647058823529,"11,12년"
446,제조업,퍼시스,3.0,2.5,2.5,3.0,2.5,2.5,0.0,0.0,0.0,27700,27200,-0.0180505415162454,"11,12년"
447,제조업,페이퍼코리아,2.0,2.5,2.0,2.0,2.5,2.5,0.0,0.0,0.5,510,800,0.5686274509803921,"11,12년"
448,제조업,평화산업,3.0,2.5,2.5,3.0,2.5,2.5,0.0,0.0,0.0,1360,2040,0.5,"11,12년"
449,제조업,포스코강판,3.0,2.5,2.5,3.0,4.0,4.0,0.0,1.5,1.5,19000,15700,-0.1736842105263158,"11,12년"
450,제조업,풍산,4.0,2.5,4.0,4.0,2.5,4.0,0.0,0.0,0.0,34500,31800,-0.0782608695652174,"11,12년"
451,제조업,필룩스,3.0,2.5,2.5,3.0,2.5,2.5,0.0,0.0,0.0,911,1400,0.5367727771679474,"11,12년"
452,제조업,하이스틸,3.0,2.5,2.0,3.0,2.5,2.5,0.0,0.0,0.5,47000,25900,-0.4489361702127659,"11,12년"
453,제조업,하이트진로,3.0,2.0,4.0,4.0,2.5,4.0,1.0,0.5,0.0,25500,32250,0.2647058823529412,"11,12년"
454,제조업,한국내화,3.0,2.5,2.0,3.0,2.5,2.5,0.0,0.0,0.5,3040,3290,0.0822368421052631,"11,12년"
455,제조업,한국쉘석유,3.0,2.5,2.0,3.0,4.0,4.0,0.0,1.5,2.0,209000,246000,0.1770334928229665,"11,12년"
456,제조업,한국제지,3.0,2.5,2.5,3.0,2.5,4.0,0.0,0.0,1.5,18800,20250,0.077127659574468,"11,12년"
457,제조업,한국주강,3.0,2.0,2.0,2.0,2.5,2.5,-1.0,0.5,0.5,3060,4700,0.5359477124183006,"11,12년"
458,제조업,한국철강,4.0,4.0,2.0,4.0,4.0,2.5,0.0,0.0,0.5,24200,29450,0.2169421487603305,"11,12년"
459,제조업,한국카본,3.0,2.5,2.5,3.0,2.5,4.0,0.0,0.0,1.5,4700,7080,0.5063829787234042,"11,12년"
460,제조업,한국특수형강,3.0,2.5,2.0,3.0,2.5,2.5,0.0,0.0,0.5,48100,42300,-0.1205821205821205,"11,12년"
461,제조업,한국화장품제조,2.0,2.5,2.0,2.0,2.5,2.5,0.0,0.0,0.5,3235,5050,0.5610510046367851,"11,12년"
462,제조업,한농화성,3.0,2.5,2.5,3.0,2.5,2.5,0.0,0.0,0.0,3300,3010,-0.0878787878787878,"11,12년"
463,제조업,한미반도체,4.0,2.5,2.0,3.0,2.5,2.5,-1.0,0.0,0.5,6050,6950,0.1487603305785124,"11,12년"
464,제조업,한섬,3.0,2.5,2.0,3.0,2.5,2.5,0.0,0.0,0.5,27300,27650,0.0128205128205128,"11,12년"
465,제조업,한성기업,2.0,2.5,2.0,2.0,2.5,2.5,0.0,0.0,0.5,11450,8900,-0.222707423580786,"11,12년"
466,제조업,한세실업,3.0,2.5,2.0,3.0,2.5,2.5,0.0,0.0,0.5,6850,14550,1.124087591240876,"11,12년"
467,제조업,한솔케미칼,3.0,2.5,4.0,3.0,2.5,4.0,0.0,0.0,0.0,16500,23750,0.4393939393939394,"11,12년"
468,제조업,한솔테크닉스,3.0,2.5,2.0,2.0,2.5,2.5,-1.0,0.0,0.5,24400,14000,-0.4262295081967213,"11,12년"
469,제조업,한솔홈데코,2.0,2.0,2.5,2.0,2.5,2.5,0.0,0.5,0.0,905,1240,0.3701657458563536,"11,12년"
470,제조업,한일시멘트,3.0,2.5,2.5,3.0,2.5,4.0,0.0,0.0,1.5,42350,44150,0.0425029515938606,"11,12년"
471,제조업,한일철강,2.0,2.0,2.5,3.0,2.5,2.5,1.0,0.5,0.0,15400,12850,-0.1655844155844155,"11,12년"
472,제조업,한진중공업,4.0,2.5,2.5,3.0,2.5,4.0,-1.0,0.0,1.5,20100,11800,-0.4129353233830846,"11,12년"
473,제조업,한창제지,3.0,2.5,2.0,3.0,2.5,2.5,0.0,0.0,0.5,565,618,0.0938053097345132,"11,12년"
474,제조업,한화,5.0,2.5,4.0,3.0,2.5,4.0,-2.0,0.0,0.0,39600,31150,-0.2133838383838383,"11,12년"
475,제조업,한화케미칼,4.0,5.0,5.0,3.0,5.0,5.0,-1.0,0.0,0.0,29500,18100,-0.3864406779661017,"11,12년"
476,제조업,현대EP,3.0,2.5,2.5,3.0,2.5,2.5,0.0,0.0,0.0,6490,5020,-0.2265023112480739,"11,12년"
477,제조업,현대모비스,4.0,5.0,4.0,4.0,5.0,4.0,0.0,0.0,0.0,323000,278000,-0.1393188854489164,"11,12년"
478,제조업,현대미포조선,3.0,2.5,2.0,3.0,2.5,4.0,0.0,0.0,2.0,123000,116500,-0.0528455284552845,"11,12년"
479,제조업,현대비앤지스틸,3.0,2.5,2.5,2.0,2.5,2.5,-1.0,0.0,0.0,14350,9860,-0.3128919860627178,"11,12년"
480,제조업,현대시멘트,2.0,2.5,2.5,3.0,2.5,2.5,1.0,0.0,0.0,6610,6060,-0.0832072617246596,"11,12년"
481,제조업,현대제철,4.0,5.0,4.0,4.0,5.0,5.0,0.0,0.0,1.0,102500,78500,-0.2341463414634146,"11,12년"
482,제조업,현대중공업,5.0,2.5,4.0,4.0,2.5,4.0,-1.0,0.0,0.0,302500,229000,-0.2429752066115702,"11,12년"
483,제조업,현대하이스코,4.0,2.5,2.5,4.0,2.5,4.0,0.0,0.0,1.5,43750,43600,-0.0034285714285714,"11,12년"
484,제조업,화승알앤에이,3.0,2.5,2.5,3.0,2.5,4.0,0.0,0.0,1.5,16500,10600,-0.3575757575757576,"11,12년"
485,제조업,화신,2.0,2.5,2.0,2.0,2.5,2.5,0.0,0.0,0.5,16250,8760,-0.4609230769230769,"11,12년"
486,제조업,화천기계,3.0,2.5,2.5,3.0,2.5,2.5,0.0,0.0,0.0,30300,25250,-0.1666666666666666,"11,12년"
487,제조업,화천기공,3.0,2.5,2.0,3.0,2.5,2.5,0.0,0.0,0.5,52200,42350,-0.1886973180076628,"11,12년"
488,제조업,황금에스티,3.0,2.5,2.0,3.0,2.5,2.5,0.0,0.0,0.5,4700,3815,-0.1882978723404255,"11,12년"
489,제조업,효성,4.0,2.5,4.0,4.0,2.5,4.0,0.0,0.0,0.0,64900,60100,-0.073959938366718,"11,12년"
490,제조업,후성,2.0,2.5,2.5,3.0,2.5,2.5,1.0,0.0,0.0,8130,5120,-0.3702337023370233,"11,12년"
491,제조업,휴스틸,3.0,2.0,2.5,3.0,2.5,4.0,0.0,0.5,1.5,19900,27400,0.3768844221105528,"11,12년"
492,제조업,휴켐스,4.0,2.5,4.0,3.0,4.0,4.0,-1.0,1.5,0.0,23200,23650,0.0193965517241379,"11,12년"
