회사명,거래소코드,회계년도,자산(*)(IFRS연결)(천원),부채비율(IFRS연결),자기자본구성비율(IFRS연결),매출액증가율(IFRS연결),영업활동으로 인한 현금흐름(간접법)(*)(비교)(IFRS연결)(천원),PBR(최고)(IFRS),PBR(최저)(IFRS),매출액(영업수익)(*)(연결)(천원),배당성향(IFRS연결)
(주)BNK금융지주,138930,2012/12,,,,,-931685189,,,3048983304,
(주)DB하이텍,000990,2012/12,1157755031,298,25.13,6.98,73876619,2.49,1.35,590786488,
(주)HJ중공업,097230,2012/12,6585093000,283.85,26.05,-11.83,-84391000,0.62,0.28,2549319000,
(주)KB금융지주,105560,2012/12,,,,,7644558000,,,25295751000,
(주)MH에탄올,023150,2012/12,134385813,238.69,29.53,33.46,-4906202,0.71,0.31,59768175,
(주)SH에너지화학,002360,2012/12,103690070,59.82,62.57,11.97,-855725,2.74,0.54,193950102,
(주)SIMPAC,009160,2012/12,318665505,69.63,58.95,4.64,,1.37,0.77,225353321,
(주)SNT에너지,100840,2012/12,,,,,,0.97,0.56,,
(주)SNT홀딩스,036530,2012/12,2074903906,57.43,63.52,0.29,57310654,0.56,0.34,1668749904,
(주)STX,011810,2012/12,5067029000,236.31,29.73,3.22,250636000,0.94,0.41,6159850000,
(주)TCC스틸,002710,2012/12,547013976,142.04,41.31,-2.54,-4610373,0.49,0.35,501337475,
(주)강원랜드,035250,2012/12,2906655321,22.54,81.61,2.41,446539739,3.06,2.14,1296191223,
(주)갤럭시아에스엠,011420,2012/12,43979072,69.76,58.91,0,8211658,3.12,1.48,55049732,
(주)경농,002100,2012/12,269412832,77.55,56.32,0,,0.53,0.41,136970449,
(주)경동나비엔,009450,2012/12,299729837,70.42,58.68,11.07,,1.17,0.48,379014259,
(주)경동인베스트,012320,2012/12,1209924561,170.97,36.9,35.45,150571070,0.62,0.4,2502642394,
(주)경방,000050,2012/12,1335039930,115.08,46.49,-4.17,17789061,0.43,0.26,333620804,
(주)경보제약,214390,2012/12,,,,,,,,,
(주)경인양행,012610,2012/12,287452678,64.27,60.88,-6.22,20801833,1.05,0.54,218604655,
(주)광명전기,017040,2012/12,131064345,108.06,48.06,26.88,3436380,3.83,1.84,117216514,
(주)광주신세계,037710,2012/12,,,,,,1.09,0.75,,
(주)국동,005320,2012/12,65808287,598.4,14.32,-10.45,5058343,3.8,1.52,138172746,
(주)국보,001140,2012/12,98494841,191.46,34.31,-6.35,,1.12,0.48,122343037,
(주)금양,001570,2012/12,127557393,180.08,35.7,11.93,3603001,1.51,0.71,122905331,
(주)금호에이치티,214330,2012/12,,,,,,,,,
(주)까뮤이앤씨,013700,2012/12,,,,,,0.4,0.19,,
(주)나이스홀딩스,034310,2012/12,496053949,25.69,79.56,8.77,80681561,0.76,0.53,211902144,
(주)남선알미늄,008350,2012/12,,,,,,1.65,0.66,,
(주)남성,004270,2012/12,221414593,177,36.1,2.82,-5724650,0.42,0.31,68020409,
(주)넥센,005720,2012/12,720858644,36.94,73.03,1.46,40005766,1.12,0.63,285150563,
(주)노루페인트,090350,2012/12,527545682,136.88,42.22,8.16,-5557404,0.95,0.28,418644745,
(주)노루홀딩스,000320,2012/12,835907566,124.74,44.5,6.87,,0.73,0.46,585634923,
(주)녹십자,006280,2012/12,954379520,39.28,71.8,5.71,,2.81,1.82,811774313,
(주)녹십자홀딩스,005250,2012/12,1446337218,48.67,67.26,4.72,,1.7,1.14,856575203,
(주)농심,004370,2012/12,2151310878,47.42,67.83,0.22,,1.29,0.88,2175710560,
(주)농심홀딩스,072710,2012/12,968293002,39.35,71.76,-2.99,29031354,0.6,0.46,314201314,
(주)다우기술,023590,2012/12,4848503131,323.74,23.6,-0.2,63803046,1.82,1.03,759179929,
(주)다이나믹디자인,145210,2012/12,284953104,146.47,40.57,9.71,28337295,0,0,192335526,
(주)대교,019680,2012/12,814113140,30.9,76.39,-6.79,58245284,1.37,1.01,869494014,
(주)대구백화점,006370,2012/03,,,,,,0.49,0.29,,
(주)대덕,008060,2012/12,550218366,27.24,78.59,14.42,,1.55,1.06,751112577,
(주)대동,000490,2012/12,554436780,140.64,41.56,-8.99,,0.93,0.41,563460079,
(주)대양금속,009190,2012/12,105457033,506.18,16.5,-28.15,10824382,4.26,0.38,105129341,
(주)대우건설,047040,2012/12,9859319181,189.05,34.6,17.15,-1142807906,1.51,1,8223432761,
(주)대웅,003090,2012/12,509221588,30.1,76.86,9.01,69443650,0.98,0.58,320770921,
(주)대웅제약,069620,2012/12,482344106,24.77,80.15,-5.85,45023830,1.65,0.66,669013833,
(주)대유에이텍,002880,2012/12,385720682,292.27,25.49,7.67,,3.19,1.26,505514624,
(주)대유플러스,000300,2012/12,609385380,502.17,16.61,13.29,,3.31,0.98,379402054,
(주)대창,012800,2012/12,477036779,152.01,39.68,-10.05,31548171,0.89,0.5,781254333,
(주)대한항공,003490,2012/12,22973401146,690.99,12.64,3.67,2305492436,2.08,1.49,12719636524,
(주)대현,016090,2012/12,,,,,,0.85,0.48,,
(주)대호에이엘,069460,2012/12,143805043,349.32,22.26,-15.79,5311456,2.27,1.12,151031967,
(주)더메디팜,118000,2012/12,,,,,0,16.73,2.4,,
(주)더존비즈온,012510,2012/12,192276834,134.02,42.73,8,19409196,5.64,2.83,124921239,
(주)덕성,004830,2012/12,99879068,70.6,58.62,0.59,5364095,1.08,0.52,91531135,
(주)덴티움,145720,2012/12,78396577,223.05,30.96,-9.36,14380771,0,0,62900700,
(주)도화엔지니어링,002150,2012/12,,,,,,1.14,0.7,,
(주)동남합성,023450,2012/12,,,,,,2.35,0.88,,
(주)동방,004140,2012/12,705078326,361.36,21.68,5.79,-10053945,1.31,0.41,619415412,
(주)동방아그로,007590,2012/12,152438378,33.67,74.81,0,,0.95,0.77,105441229,
(주)동서,026960,2012/12,1026959381,11.11,90,3.73,107515708,0,0,459681978,
(주)동성케미컬,102260,2012/12,724028327,136.15,42.35,12.35,-26049080,1.32,0.65,654021296,
(주)동아지질,028100,2012/12,226247530,69.31,59.06,11.63,34932265,1.13,0.75,283352820,
(주)동양,001520,2012/12,3401374248,1349.75,6.9,14.58,-3178256,1.8,0.66,1709382603,
(주)동양고속,084670,2012/12,209135730,86.95,53.49,-43.16,14326969,0.62,0.43,115450487,
(주)동원에프앤비,049770,2012/12,967287072,143.27,41.11,6.37,74635289,0.82,0.6,1662832442,
(주)두산,000150,2012/12,5950670747,85.78,53.83,-4.95,-79249270,2.69,1.78,3833824003,
(주)두올,016740,2012/12,,,,,,,,,
(주)드림텍,192650,2012/12,176620266,102.21,49.45,40.97,37837872,0,0,448154096,
(주)디비아이엔씨,012030,2012/12,693327543,134.28,42.68,6.55,-34206828,0.77,0.31,544542768,
(주)디아이,003160,2012/12,188020556,74.94,57.16,7.94,-2595342,4.04,0.38,93937495,
(주)디아이씨,092200,2012/12,546804337,235.24,29.83,-2.75,4651019,1.19,0.59,504880496,
(주)디알비동일,004840,2012/12,368994998,149.14,40.14,-33.56,,1.81,0.83,336113707,
(주)디엔오토모티브,007340,2012/12,730588820,30.58,76.58,12.44,,0.82,0.52,632802344,
(주)디지비금융지주,139130,2012/12,,,,,490006403,,,2338428674,
(주)락앤락,115390,2012/12,757905434,29.56,77.18,6.79,82673896,4.18,2.18,508424574,
(주)마니커,027740,2012/12,291897548,259.88,27.79,-2.91,-13330931,0.93,0.39,360006903,
(주)메리츠금융지주,138040,2012/03,,,,,684387767,,,2557294960,
(주)메타랩스,090370,2012/12,155383022,172.3,36.72,-4.01,-8870479,1.6,0.83,145623074,
(주)모나리자,012690,2012/12,,,,,,5.03,1.97,,
(주)모나미,005360,2012/12,197773862,225.77,30.7,-6.88,15718580,2.44,0.63,262500183,
(주)모토닉,009680,2012/12,450624651,20.3,83.13,-6.91,26490756,1.35,0.66,240382478,
(주)무학,033920,2012/12,376640770,27.89,78.19,0,33976182,1.32,0.9,218128966,
(주)미래아이앤지,007120,2012/12,37376216,48.41,67.38,36.08,2265,4.64,0.55,35018015,
(주)백산,035150,2012/12,158972213,75.08,57.12,4.08,12149475,1.35,0.61,185390651,
(주)벽산,007210,2012/12,322986331,90.14,52.59,-5.33,20243953,11.3,0.82,318846473,
(주)보락,002760,2012/12,,,,,,1.24,0.78,,
(주)보령,003850,2012/12,,,,,,1.48,0.65,,
(주)비비안,002070,2012/12,224383182,50.62,66.39,1.38,-7144030,0.41,0.32,238468901,
(주)비상교육,100220,2012/12,212784851,53.54,65.13,3.72,18709830,1.91,0.7,144564444,
(주)비와이씨,001460,2012/12,505456934,51.63,65.95,7.37,,0.54,0.36,216985677,
(주)비지에프,027410,2012/12,1054172578,555.71,15.25,0,171336007,0,0,,
(주)빙그레,005180,2012/12,545632463,24.43,80.37,0,66662102,3.15,1.28,790017219,
(주)사조대림,003960,2012/12,362275910,153.03,39.52,8.47,4845113,0.84,0.57,454177460,
(주)사조오양,006090,2012/12,,,,,,0.99,0.58,,
(주)삼성출판사,068290,2012/12,86525481,17.75,84.92,0.99,8776907,1.36,0.57,75776098,
(주)삼양사,145990,2012/12,826949798,101.64,49.59,0,1552072,0.67,0.45,1366653149,
(주)삼양홀딩스,000070,2012/12,2748398512,65.27,60.51,57.86,,0.74,0.39,1864066371,
(주)삼영,003720,2012/12,207864169,52.41,65.61,-10.52,,1.62,0.78,215675811,
(주)삼원강재,023000,2012/12,,,,,,1.76,1.05,,
(주)삼익악기,002450,2012/12,322968331,124.3,44.58,-5.54,10430925,1.1,0.59,155583864,
(주)삼일씨엔에스,004440,2012/12,,,,,,0,0,,
(주)삼천리,004690,2012/12,2775289821,138.47,41.93,15.24,,0.51,0.31,3455369500,
(주)상상인증권,001290,2012/03,,,,,-130918485,,,90613556,
(주)서연,007860,2012/12,1378190064,184.24,35.18,52.14,56995218,1.24,0.68,2088646585,
(주)서원,021050,2012/12,456603539,212.31,32.02,11.34,-30817138,1.25,0.7,789166907,
(주)서흥,008490,2012/12,466466906,133.29,42.87,10.2,7420081,1.52,0.83,207026299,
(주)선앤엘,002820,2012/12,454078035,70.91,58.51,-1.33,15009681,0.36,0.23,333579587,
(주)선진,136490,2012/12,,,,,-20520242,1.06,0.48,,
(주)성안,011300,2012/12,298232459,184.71,35.12,-4.6,12940941,1.5,0.56,271846764,
(주)세아베스틸지주,001430,2012/12,,,,,,1.5,0.63,,
(주)세아제강지주,003030,2012/12,2030350314,102.24,49.45,15.04,,0.79,0.41,2470414332,
(주)세아특수강,019440,2012/12,484959468,124.12,44.62,2.95,16382598,1.37,0.79,712114845,
(주)세아홀딩스,058650,2012/12,4008794418,83.41,54.52,-9.78,184579711,0.67,0.37,3845053221,
(주)세우글로벌,013000,2012/12,32499611,11.05,90.05,0,635967,1.65,0.42,34706492,
(주)세이브존아이앤씨,067830,2012/12,502882801,89.11,52.88,3.71,11734952,0.51,0.34,173386928,
(주)세진중공업,075580,2012/12,,,,,,,,,
(주)셀트리온,068270,2012/12,1732913897,65.02,60.6,0,20970652,0,0,350196210,
(주)수산인더스트리,126720,2012/12,,,,,,0,0,,
(주)수산중공업,017550,2012/12,131388961,63.4,61.2,9.57,,1.5,1.01,138142660,
(주)시디즈,134790,2012/12,,,,,,1.58,0.73,,
(주)신도리코,029530,2012/12,969970671,13.57,88.05,1.11,83248846,0.95,0.62,759340972,
(주)신성이엔지,011930,2012/12,,,,,,2.91,0.69,,
(주)신세계,004170,2012/12,6968481558,124.74,44.5,5.09,,1.38,0.87,2296702972,
(주)신세계아이앤씨,035510,2012/12,,,,,,0.79,0.55,,
(주)신세계인터내셔날,031430,2012/12,621283475,51.91,65.83,0,61777213,2.24,1.2,790245518,
(주)신세계푸드,031440,2012/12,,,,,,2.08,1.23,,
(주)신영와코루,005800,2012/09,295673751,13.25,88.3,6.99,10781353,0.37,0.31,205910361,
(주)신원,009270,2012/12,430183486,135.46,42.47,7.97,-22907882,0.65,0.35,578383732,
(주)신풍,002870,2012/12,183114589,99.1,50.23,0.41,-8425089,0.35,0.24,121452034,
(주)신한금융지주회사,055550,2012/12,,,,,9068314000,,,19530490000,
(주)신화다이나믹스,001770,2012/12,,,,,,0.47,0.34,,
(주)신흥,004080,2012/12,141018610,82.47,54.8,0,,1.26,0.78,153009371,
(주)쌍방울,102280,2012/12,120929435,58.37,63.14,-0.05,1970699,1.8,0.96,158740451,
(주)쎌마테라퓨틱스,015540,2012/12,13757999,13.41,88.18,-32.18,-1693934,4.47,0.87,103311510,
(주)씨아이테크,004920,2012/12,,,,,,36.28,1.36,,
(주)씨티알모빌리티,308170,2012/12,,,,,,,,376873455,
(주)아모레퍼시픽,090430,2012/12,3026192700,29.12,77.45,11.54,275580853,4.11,2.84,2849462499,
(주)아모레퍼시픽그룹,002790,2012/12,4515954822,24.26,80.47,12.2,346488709,2.94,1.27,3431733414,
(주)아센디오,012170,2012/12,51426968,59.5,62.7,0,-8222842,6.65,1.33,62071528,
(주)아이마켓코리아,122900,2012/12,683328318,116.21,46.25,0,-37080828,3.66,1.92,2045538123,
(주)아이에이치큐,003560,2012/12,45827243,30.79,76.46,0,3598242,5.88,2.44,44910784,
(주)알루코,001780,2012/12,448021732,232.47,30.08,-6.27,6112059,1.41,0.77,349549374,
(주)에넥스,011090,2012/12,93219208,174.37,36.45,4.14,-771587,1.71,0.54,196849999,
(주)에스비에스,034120,2012/12,827393202,47.36,67.86,4.84,44181501,1.63,1.06,780275796,
(주)에스엠벡셀,010580,2012/12,,,,,,1.57,0.78,,
(주)에스원,012750,2012/12,1080945262,34.27,74.47,6.86,127209615,4.28,2.92,1096463350,
(주)에스제이엠,123700,2012/12,162096067,29.68,77.11,6.14,15529083,1.32,0.72,187307251,
(주)에스제이엠홀딩스,025530,2012/12,229808762,19.71,83.54,7.16,17246098,0.56,0.41,189997621,
(주)에스지글로벌,001380,2012/12,186004029,55.47,64.32,26.41,,1.02,0.37,114473043,
(주)에스지세계물산,004060,2012/12,291832827,38.98,71.95,0,,0.89,0.27,321841545,
(주)에스피씨삼립,005610,2012/12,545770666,207.44,32.53,33.44,15083292,1.62,0.55,836986538,
(주)에이블씨엔씨,078520,2012/12,235227820,54.38,64.78,36.95,35930522,7.22,1.95,452287073,
(주)에이엔피,015260,2012/12,272978097,270.29,27.01,7.35,8061884,1.6,0.53,450493369,
(주)에이프로젠,007460,2012/12,342377999,0,0,-51.83,,0,0,170688128,
(주)에이프로젠바이오로직스,003060,2012/12,93082911,35.87,73.6,-32.63,,5.61,1.23,33769678,
(주)에이플러스에셋어드바이저,244920,2012/03,,,,,,,,,
(주)에프앤에프홀딩스,007700,2012/12,212315399,24.4,80.39,0,8227821,0.77,0.52,200762944,
(주)엔씨소프트,036570,2012/12,1316825985,29.03,77.5,23.76,210641887,7.2,3.09,753520026,
(주)엔아이스틸,008260,2012/12,,,,,,1.04,0.64,,
(주)엔케이,085310,2012/12,414667374,170.39,36.98,-7.19,13052645,1.4,0.67,245915174,
(주)엘에스,006260,2012/12,10088230000,249.04,28.65,-3.81,363721000,1.95,1.41,11881204000,
(주)엘에스네트웍스,000680,2012/12,1403958523,75.23,57.07,44.23,,0.64,0.46,654844454,
(주)엘에프,093050,2012/12,1208059897,38.11,72.41,1.89,179479282,1.62,0.9,1466496900,
(주)엘엑스세미콘,108320,2012/12,336188904,31.45,76.08,56.77,6258808,0,0,472637325,
(주)엘엑스인터내셔널,001120,2012/12,4957521910,206.85,32.59,-8.53,,2.09,1.14,12793756148,
(주)엘엑스하우시스,108670,2012/12,1778034000,144.73,40.86,0.04,94559000,1.24,0.79,2451083000,
(주)엘지,003550,2012/12,16047732000,36.75,73.13,-2.31,596599000,1.89,1.26,9827154000,
(주)엘지생활건강,051900,2012/12,2764135538,117.38,46,12.85,238032823,14.1,9.39,3896218098,
(주)엘지유플러스,032640,2012/12,11088697000,195.82,33.8,18.72,1874728000,1.51,0.92,10904634000,
(주)엘지헬로비전,037560,2012/12,1555958111,114.69,46.58,0,217354535,1.78,1.34,890993460,
(주)엘지화학,051910,2012/12,16581153000,54.02,64.93,2.59,1765709000,3.3,1.99,23263019000,
(주)엠씨넥스,097520,2012/12,149267246,172.02,36.76,-20.88,-3329036,0,0,170354058,
(주)영원무역,111770,2012/12,998520921,46.72,68.16,6.96,178555183,2.99,1.64,1059149340,
(주)영원무역홀딩스,009970,2012/12,1396211344,45.61,68.68,3.07,,2.5,1.62,1449208131,
(주)영풍,000670,2012/12,2896479068,32.79,75.31,15.12,331781613,1.71,0.96,1608387846,
(주)영흥,012160,2012/12,270479406,51.32,66.09,12.17,-5080221,1.05,0.39,197929061,
(주)예스코홀딩스,015360,2012/12,1376560202,119.99,45.46,1.95,103542759,0.33,0.26,1452421516,
(주)오뚜기,007310,2012/12,1099877736,67.1,59.85,5.33,,1.65,0.93,1686637585,
(주)오리온홀딩스,001800,2012/12,2647606703,134.72,42.6,23.7,249804778,9.98,5.2,2368032597,
(주)와이지플러스,037270,2012/12,46787617,45.33,68.81,3.01,4036650,1.69,0.72,30553590,
(주)와이투솔루션,011690,2012/12,105539347,179.97,35.72,-4.42,3057890,1.3,0.63,143479949,
(주)용평리조트,070960,2012/12,,,,,,,,,
(주)우성,006980,2012/12,293785485,73.04,57.79,2.72,,1.9,0.41,391927516,
(주)우신시스템,017370,2012/12,154719927,103.17,49.22,-9.89,41746058,0.66,0.37,133022295,
(주)우진,105840,2012/12,133690294,23.49,80.98,1.19,-5330492,3.08,1.15,82856418,
(주)우진아이엔에스,010400,2012/12,,,,,,,,,
(주)우진플라임,049800,2012/12,180500797,137.21,42.16,4.57,3077284,0.94,0.51,157251947,
(주)웅진,016880,2012/12,2303294840,0,0,-52.8,92810962,0,0,702023023,
(주)웅진씽크빅,095720,2012/12,573743780,168.35,37.27,-15.95,43217328,4.16,1.41,729364397,
(주)원림,005820,2012/12,,,,,,0.7,0.31,,
(주)위스컴,024070,2012/12,133825895,14.57,87.28,-9.61,15880993,0.62,0.53,165251052,
(주)윌비스,008600,2012/12,235848620,92.81,51.87,-0.72,,1.64,0.42,248822775,
(주)유니드,014830,2012/12,843081791,78.68,55.97,-5.03,98720760,0.9,0.49,648367611,
(주)유니온,000910,2012/12,262364852,35.53,73.78,-5.31,13865016,0.62,0.33,125460028,
(주)유니켐,011330,2012/12,,,,,,4.36,1.05,,
(주)유수홀딩스,000700,2012/12,,,,,342528042,1.13,0.55,,
(주)유유제약,000220,2012/03,88506889,31.65,75.96,7.72,6673925,1.01,0.52,58798714,
(주)유한양행,000100,2012/12,1403084367,18.08,84.69,14.31,,1.96,1.06,776457613,
(주)이노션,214320,2012/12,,,,,,,,710516505,
(주)이마트,139480,2012/12,12253991228,99.93,50.02,0,694768801,1.37,1.01,12685041193,
(주)이수페타시스,007660,2012/12,340959737,102.11,49.48,8.16,29159628,1.62,1.05,418156244,
(주)이수화학,005950,2012/12,1288290588,175.14,36.34,8.54,-28855714,0.86,0.49,2231441793,
(주)이스타코,015020,2012/12,77114138,131.43,43.21,0,-3984638,2.22,0.37,10908289,
(주)이아이디,093230,2012/12,48309882,55.67,64.24,-60.41,,6.35,0.67,15928065,
(주)이엔플러스,074610,2012/12,12469754,56.19,64.03,15.39,-2032020,7.41,1.51,15923681,
(주)이원,017940,2012/12,3512419789,192.66,34.17,5.02,-30471840,0.5,0.3,7413322216,
(주)이월드,084680,2012/12,207990861,178.56,35.9,0,-4867608,0.98,0.45,28110005,
(주)인디에프,014990,2012/12,209347262,119.16,45.63,-12.57,,0.63,0.3,215369645,
(주)인바이오젠,101140,2012/12,,,,,,6.49,0.62,,
(주)인스코비,006490,2012/12,,,,,,12.38,2.79,,
(주)인팩,023810,2012/12,146336318,126.56,44.14,11.84,8241881,0.97,0.59,207057643,
(주)일신석재,007110,2012/12,,,,,,2.54,1.07,,
(주)잇츠한불,226320,2012/12,,,,,,,,,
(주)제이에스코퍼레이션,194370,2012/12,,,,,,,,112422599,
(주)제일기획,030000,2012/12,1994709278,185.3,35.05,34.52,88505140,4.79,3.23,2365019211,
(주)제주은행,006220,2012/12,,,,,105454000,,,193053000,
(주)제주항공,089590,2012/12,,,,,,,,,
(주)조비,001550,2012/12,,,,,,2.23,0.96,,
(주)조흥,002600,2012/12,,,,,,0.56,0.39,,
(주)종근당바이오,063160,2012/12,,,,,,0.77,0.36,,
(주)종근당홀딩스,001630,2012/12,708019120,84.07,54.33,4.62,57886788,1.57,0.54,595433637,
(주)주연테크,044380,2012/12,,,,,,2.44,0.58,,
(주)지누스,013890,2012/12,,,,,,,,167083285,
(주)지에스,078930,2012/12,12712426000,77.23,56.42,15.83,775346000,1.6,1.05,9837819000,
(주)지에스글로벌,001250,2012/12,1144032690,319.14,23.86,17.35,,1.42,0.92,3399535682,
(주)지에스리테일,007070,2012/12,2913810618,91.14,52.32,13.01,221465700,2.03,1.14,4499655629,
(주)지투알,035000,2012/12,363912590,221.48,31.11,3.63,-15558920,1.58,1.1,335845836,
(주)진도,088790,2012/12,191274512,182.13,35.44,12.48,-5628730,0.99,0.58,160506351,
(주)진양홀딩스,100250,2012/12,507752899,43.89,69.5,-0.04,25495987,0.77,0.43,266151094,
(주)진에어,272450,2012/12,,,,,,0,0,,
(주)천일고속,000650,2012/12,,,,,,1.65,0.87,,
(주)청호ICT,012600,2012/12,115369803,37.57,72.69,-36.24,,0.63,0.27,73268595,
(주)카카오,035720,2012/12,611869394,17.68,84.97,7.62,123271058,0,0,453387737,
(주)카프로,006380,2012/12,,,,,,2.69,0.93,,
(주)케이씨,029460,2012/12,238289794,14.68,87.2,-34.3,18958706,1.14,0.64,171604683,
(주)케이씨씨,002380,2012/12,6823989638,37.53,72.71,-3.7,,0.84,0.55,3246227955,
(주)케이씨티시,009070,2012/12,295561993,99.56,50.11,15.44,,0.58,0.31,331131638,
(주)케이에스에스해운,044450,2012/12,309112196,125.1,44.42,14.07,28021495,0.79,0.3,112243969,
(주)케이에이치필룩스,033180,2012/12,88648355,56.27,63.99,2.18,6095669,1.36,0.74,94743749,
(주)케이이씨,092220,2012/12,409366183,164.76,37.77,-13.1,13822892,1.23,0.6,262269893,
(주)케이티,030200,2012/12,34479499000,161.91,38.18,8.19,5725485000,1.12,0.77,23790359000,
(주)케이티스카이라이프,053210,2012/12,637337095,82.66,54.75,18.99,170815028,5.74,2.85,566456120,
(주)케이티씨에스,058850,2012/12,,,,,,0.99,0.77,,
(주)케이티아이에스,058860,2012/12,,,,,,1.06,0.71,,
(주)케이티앤지,033780,2012/12,6713312669,30.24,76.78,5.07,765575840,2.84,2.16,3911818275,
(주)코리아써키트,007810,2012/12,462312486,61.23,62.02,29.22,,2.53,0.73,519497206,
(주)코아스,071950,2012/12,103422937,144.91,40.83,0,391811,1.12,0.45,76689973,
(주)코오롱,002020,2012/12,3859498968,305.05,24.69,696.1,168706612,0.64,0.35,4713474822,
(주)콘텐트리중앙,036420,2012/12,514509318,289.26,25.69,187.3,69305900,0,0,393160866,
(주)콤텍시스템,031820,2012/12,119691215,117.19,46.04,-11.22,1367061,1.24,0.53,160422329,
(주)큐로,015590,2012/12,262270166,274.84,26.68,11.94,7985774,2.45,1.34,282943904,
(주)크라운해태홀딩스,005740,2012/12,1087996254,361.74,21.66,1.9,,1.41,0.84,1134459198,
(주)크래프톤,259960,2012/12,,,,,,,,40677473,
(주)키다리스튜디오,020120,2012/12,,,,,,2.26,1.03,,
(주)태경비케이,014580,2012/12,,,,,,0.68,0.58,,
(주)태영건설,009410,2012/12,3014449935,144.45,40.91,0.24,215297260,0.65,0.42,2281618316,
(주)테이팩스,055490,2012/12,,,,,,,,,
(주)토니모리,214420,2012/12,,,,,,,,,
(주)티비에이치글로벌,084870,2012/12,429555750,115.28,46.45,10.48,46706306,3.24,1.46,521060092,
(주)티에이치엔,019180,2012/12,170851911,329.94,23.26,11.53,-23781555,0.92,0.46,162925090,
(주)티웨이항공,091810,2012/12,,,,,,0,0,,
(주)티웨이홀딩스,004870,2012/12,,,,,-2050026,1.6,0.73,,
(주)팜스코,036580,2012/12,563236982,148.27,40.28,24.29,-30554680,0.89,0.5,665648116,
(주)퍼시스,016800,2012/12,,,,,,1.41,0.88,,
(주)포스코인터내셔널,047050,2012/12,7465637546,241.04,29.32,-9.69,524352944,6.03,3.69,17571126133,
(주)포스코퓨처엠,003670,2012/12,540389678,35.69,73.7,9.01,65040251,0,0,1295651171,
(주)풀무원,017810,2012/12,1025509528,254.65,28.2,6.37,70941621,1.33,0.79,1457884336,
(주)풍산,103140,2012/12,2633201040,172.2,36.74,0.66,149216316,1.06,0.66,2900282173,
(주)풍산홀딩스,005810,2012/12,600806037,19.81,83.46,14.05,,0.57,0.39,229601791,
(주)플레이그램,009810,2012/12,36126088,2.82,97.26,-21.13,-147128,0.7,0.35,13500975,
(주)하나금융지주,086790,2012/12,,,,,5631453000,,,26371649000,
(주)하나투어,039130,2012/12,352420561,96.03,51.01,14.95,39175414,5.8,2.56,307854268,
(주)하이스틸,071090,2012/12,,,,,,0.64,0.22,,
(주)하이트론씨스템즈,019490,2012/12,87699732,52.49,65.58,-5.1,8198450,0.79,0.45,116920180,
(주)한국전자홀딩스,006200,2012/12,243581872,84.85,54.1,-22.43,14280318,0.4,0.16,246537005,
(주)한국종합기술,023350,2012/12,,,,,,0.91,0.38,,
(주)한국카본,017960,2012/12,290528372,29.61,77.16,24.45,-11815471,1.53,0.84,163292483,
(주)한국토지신탁,034830,2012/12,,,,,33109531,,,117554104,
(주)한국특강,007280,2012/12,,,,,,0.46,0.3,,
(주)한국화장품제조,003350,2012/12,,,,,,1.38,0.55,,
(주)한농화성,011500,2012/12,,,,,,0.86,0.52,,
(주)한독,002390,2012/12,436393122,51.92,65.82,-5.56,12275221,1.48,0.45,314647673,
(주)한미글로벌건축사사무소,053690,2012/12,140808581,186.8,34.87,13.28,-16874256,1.61,0.9,207246374,
(주)한샘,009240,2012/12,376768030,75.35,57.03,10.42,22157657,3.06,1.82,783239874,
(주)한섬,020000,2012/12,873763192,15.06,86.91,-2.45,66620222,1.46,0.81,496351481,
(주)한솔케미칼,014680,2012/12,358680526,97.52,50.63,7.35,30220509,1.99,1.14,318850692,
(주)한솔홈데코,025750,2012/12,266804784,139.22,41.8,9.68,11188474,0.8,0.52,189199921,
(주)한익스프레스,014130,2012/12,77986093,255.7,28.11,0,,1.58,0.88,263452874,
(주)한진,002320,2012/12,1858651008,142.24,41.28,3.36,37927942,0.41,0.27,1437380000,
(주)한진중공업홀딩스,003480,2012/12,2315289000,80.11,55.52,7.89,,0.28,0.18,1139471000,
(주)한창,005110,2012/12,34879179,62.88,61.39,0,-1934120,1.48,0.44,16789740,
(주)한창제지,009460,2012/12,,,,,,1.26,0.59,,
(주)한컴라이프케어,372910,2012/12,,,,,,,,,
(주)한화,000880,2012/12,15865391957,195.98,33.79,-5.6,6730649714,1.23,0.79,11503205580,
(주)현대리바트,079430,2012/12,326931020,73.56,57.62,-3.12,13289421,0.77,0.48,504927936,
(주)현대미포조선,010620,2012/12,7722829117,127.63,43.93,-4.51,,1.06,0.65,4415350944,
(주)현대백화점,069960,2012/12,5400075749,66.85,59.94,5.62,431781104,1.86,1.15,1519972872,
(주)현대지에프홀딩스,005440,2012/12,1797550408,35.91,73.58,16.43,56491256,1.56,1.14,1556583114,
(주)현대퓨처넷,126560,2012/12,584124356,18.82,84.16,10.73,102629782,1.64,0.77,275384725,
(주)현대홈쇼핑,057050,2012/12,,,,,,1.95,1.12,,
(주)혜인,003010,2012/12,249947805,138.69,41.9,1.81,-36427002,0.72,0.4,199134115,
(주)호텔신라,008770,2012/12,1547612290,124.56,44.53,23.42,,3.69,2.39,2219638551,
(주)화승인더스트리,006060,2012/12,457260643,233.46,29.99,-7.16,16113271,0.5,0.03,559896533,
(주)화승코퍼레이션,013520,2012/12,956450234,303.48,24.78,6.31,32070529,0.52,0.3,1433575144,
(주)화신,010690,2012/12,853595978,132.94,42.93,9.11,54851801,1.53,0.87,1626052361,
(주)화인베스틸,133820,2012/12,,,,,,0,0,,
(주)황금에스티,032560,2012/12,242003440,48.26,67.45,-17.43,15051493,0.49,0.32,177023246,
(주)효성,004800,2012/12,13763659509,356.65,21.9,11.19,458947020,0.88,0.52,12611749872,
(주)후성,093370,2012/12,321752560,100.58,49.86,-8.14,65622326,4.98,2.54,222678376,
(주)휠라홀딩스,081660,2012/12,876801964,111.73,47.23,-12.29,84471966,2.68,1.71,670437697,
(주)휴니드테크놀러지스,005870,2012/12,,,,,,0.96,0.55,,
(주)휴비스,079980,2012/12,825460304,130.16,43.45,-6.39,68659190,1.41,0.79,1562519388,
(주)휴스틸,005010,2012/12,556020140,42.98,69.94,3.56,,0.57,0.33,588890255,
AJ네트웍스(주),095570,2012/12,,,,,,,,,
CS홀딩스(주),000590,2012/12,191295610,12.74,88.7,-5.22,2780137,0.38,0.24,103356782,
DB금융투자(주),016610,2012/03,,,,,-27877093,,,1071985460,
DB손해보험(주),005830,2012/03,,,,,-75730512,,,10628839365,
KG스틸(주),016380,2012/12,5259720757,262.61,27.58,-7.64,417138007,0.27,0.12,3934192553,
KISCO홀딩스(주),001940,2012/12,789682784,10.74,90.3,-8.05,,0.3,0.25,594812327,
LG이노텍(주),011070,2012/12,4886285404,285.26,25.96,16.76,380562772,2,1.24,5315958099,
LS일렉트릭(주),010120,2012/12,2020324063,141.22,41.46,7.8,107960727,3.43,2.32,2232430239,
OCI(주),010060,2012/12,7283049629,102.78,49.31,-24.73,,2.29,1.04,3218459512,
SK이노베이션(주),096770,2012/12,33831080372,106.94,48.32,7.25,1161635588,1.57,0.99,73330011478,
SNT다이내믹스(주),003570,2012/12,1156625435,45.57,68.69,8.54,14551870,0.99,0.52,807783351,
SNT모티브(주),064960,2012/12,895055890,82.64,54.75,-0.59,40452016,1.04,0.57,905113613,
STX엔진(주),077970,2012/12,3213865730,249.13,28.64,-41.93,62833407,0.84,0.3,1213228474,
STX중공업(주),071970,2012/12,1049278969,188.24,34.69,-19.97,485020194,0.53,0.24,907549686,
가온전선(주),000500,2012/12,517141282,95.38,51.18,-2.59,38914582,0.38,0.24,1005948717,
강남제비스코(주),000860,2012/12,416128544,26.97,78.76,7.99,13361337,0.6,0.39,331265952,
경인전자(주),009140,2012/12,63740263,11.86,89.4,0,,0.47,0.35,44190721,
계룡건설산업(주),013580,2012/12,1619835867,213.79,31.87,-11.34,-66762128,0.34,0.14,1544875888,
계양전기(주),012200,2012/12,174553310,20.94,82.69,5.44,,0.82,0.53,247421110,
고려산업(주),002140,2012/12,148320365,138.9,41.86,8.05,-8456112,0.52,0.29,191116449,
고려아연(주),010130,2012/12,4940542141,23.95,80.68,-1.06,,2.55,1.51,5497530087,
고려제강(주),002240,2012/12,1813977723,44.08,69.41,-0.13,120244754,0.74,0.45,1118626320,
광동제약(주),009290,2012/12,389433837,45.71,68.63,5.94,,1.31,0.72,332641298,
광전자(주),017900,2012/12,282485538,34.96,74.1,-18.29,43732085,1.04,0.46,318555624,
교보증권(주),030610,2012/03,,,,,-743866986,,,,
교촌에프앤비(주),339770,2012/12,,,,,,,,188925262,
국도화학(주),007690,2012/12,547775296,62.63,61.49,-3.82,61816689,1.18,0.73,841385314,
국제약품(주),002720,2012/12,114924400,107.62,48.16,0,,1.15,0.57,126768061,
그랜드코리아레저(주),114090,2012/12,,,,,,7.98,4.17,,
그린케미칼(주),083420,2012/12,,,,,,1.01,0.56,,
극동유화(주),014530,2012/12,,,,,,0.82,0.58,,
금강공업(주),014280,2012/12,499093977,146.89,40.5,28.88,83373554,0.46,0.27,393382320,
금호건설(주),002990,2012/12,1932235236,13206.81,0.75,-13.77,-14286782,0,0,1499864342,
금호석유화학(주),011780,2012/12,4410738573,165.97,37.6,-8.88,,5.22,2.69,5883690067,
금호전기(주),001210,2012/12,509300064,135.5,42.46,20.46,10730906,0.96,0.51,379789500,
금호타이어(주),073240,2012/12,4781013149,414.02,19.45,3.95,163576128,1.92,1.15,4070643978,
기아(주),000270,2012/12,32398314000,92.3,52,9.38,4345425000,2.6,1.65,47242933000,
깨끗한나라(주),004540,2012/12,423872333,263.03,27.55,7.75,40817846,1.14,0.79,633378794,
남광토건(주),001260,2012/12,436886733,830.84,10.74,-41.52,-72880348,5.55,0.33,393480205,
남양유업(주),003920,2012/12,1033300099,18.66,84.28,13.26,,1.1,0.63,1365023790,
남해화학(주),025860,2012/12,,,,,,1.76,1.03,,
네이버(주),035420,2012/12,2927316669,53.78,65.03,12.63,595501146,7.36,5.22,2389324068,
넥센타이어(주),002350,2012/12,2035745920,200.35,33.29,18.93,145693854,3.41,2.22,1700620650,
넷마블(주),251270,2012/12,129102421,53.45,65.17,0,-10438825,0,0,67310099,
다스코(주),058730,2012/12,,,,,,0.7,0.37,,
다올투자증권(주),030210,2012/03,,,,,-271801988,,,537278341,
대림비앤코(주),005750,2012/12,240467705,69.46,59.01,14.53,,0.51,0.18,101527269,
대림통상(주),006570,2012/12,254351458,83.46,54.51,-6.08,,0.59,0.42,163626776,
대상(주),001680,2012/12,1621341813,158.92,38.62,14.6,146497431,2,0.85,2479678735,
대상홀딩스(주),084690,2012/12,603349879,37.05,72.97,16.47,170038415,0.7,0.39,329925025,
대성산업(주),128820,2012/12,2652193606,332.32,23.13,7.34,-484808384,0.34,0.14,1370151115,
대성에너지(주),117580,2012/12,,,,,,0.88,0.43,,
대성홀딩스(주),016710,2012/12,1057796637,122.71,44.9,10.62,45593016,0.71,0.41,1184174355,
대신증권(주),003540,2012/03,,,,,-997768769,,,4372602591,
대영포장(주),014160,2012/12,,,,,,1.2,0.32,,
대우전자부품(주),009320,2012/12,42021212,144.28,40.94,6.38,1137309,3.31,1.62,24194499,
대우조선해양(주),042660,2012/12,15511304729,301.23,24.92,-2.31,-996054288,1.86,1.07,13543536273,
대원강업(주),000430,2012/12,988715803,118.26,45.82,0.4,,1.82,0.87,1000413534,
대원전선(주),006340,2012/12,215527769,201.38,33.18,0,,1.45,0.59,448936351,
대원제약(주),003220,2012/12,147125433,30.29,76.75,-0.51,13827656,1.65,0.6,138168465,
대원화성(주),024890,2012/12,109600307,207.7,32.5,0.3,-5059654,1.12,0.59,120545969,
대창단조(주),015230,2012/12,143955197,38.32,72.29,-15.22,,1.28,0.77,312275610,
대한방직(주),001070,2012/12,241130687,243.08,29.15,-5.69,,0.4,0.25,275069272,
대한유화(주),006650,2012/12,1278129428,71.39,58.35,2.88,10091831,1.11,0.34,2082914255,
대한전선(주),001440,2012/12,2880338773,1431.39,6.53,-18.69,-55441102,4.28,0.66,2529855021,
대한제강(주),084010,2012/12,778837588,113.85,46.76,15.89,3636415,1.2,0.42,1049230725,
대한제당(주),001790,2012/12,1620715653,273.27,26.79,5.48,,0.57,0.37,1513887735,
대한제분(주),001130,2012/12,899689781,49.08,67.08,18.4,,0.53,0.3,890062052,
대한해운(주),005880,2012/12,,,,,,0,0,,
대한화섬(주),003830,2012/12,,,,,,0.36,0.2,,
덕양산업(주),024900,2012/12,,,,,,1.45,0.72,,
동국제강(주),001230,2012/12,9320675934,228.81,30.41,-10.98,,0.64,0.31,7870715841,
동부건설(주),005960,2012/12,2918605739,472.79,17.46,5.77,44721815,0.4,0.22,2484677333,
동성제약(주),002210,2012/12,,,,,,2.03,0.48,,
동아쏘시오홀딩스(주),000640,2012/12,1723108761,95.53,51.14,4.76,56740929,1.85,1.06,1105996372,
동양생명보험(주),082640,2012/03,,,,,-144316526,,,4350233601,
동양철관(주),008970,2012/12,212256262,96.22,50.96,13.41,-5341504,2.36,1.11,256422624,
동양피스톤(주),092780,2012/12,,,,,,,,204041248,
동원산업(주),006040,2012/12,1380697561,137.36,42.13,16.31,228743163,2.02,1,1543621060,
동원수산(주),030720,2012/12,108844409,140.62,41.56,0,-15308444,1.86,0.81,118079111,
동원시스템즈(주),014820,2012/12,417873004,368.15,21.36,-10.24,,1.86,1.27,418147286,
동일고무벨트(주),163560,2012/12,,,,,,,,,
동일산업(주),004890,2012/12,,,,,,0.55,0.35,,
동일제강(주),002690,2012/12,,,,,,0,0,,
동화약품(주),000020,2012/12,,,,,,0.86,0.51,,
두산에너빌리티(주),034020,2012/12,13524413616,199.9,33.34,13.32,-327226066,3,1.53,9627183611,
디씨엠(주),024090,2012/12,195844414,36.99,73,-9.49,-2034740,1.11,0.82,158216325,
디아이동일(주),001530,2012/12,919993876,63.96,60.99,-7.82,,0.3,0.2,752261690,
디에스알(주),155660,2012/12,144933303,73.76,57.55,-3.91,6902058,0,0,204350488,
디에스알제강(주),069730,2012/12,,,,,,0.79,0.38,,
디엘(주),000210,2012/12,11006469363,123.77,44.69,28.36,816888129,1.07,0.54,10253347411,
디엘건설(주),001880,2012/12,,,,,,1.03,0.54,,
디와이(주),013570,2012/12,573458265,82.5,54.79,0.67,,2.09,1.02,732853443,
롯데관광개발(주),032350,2012/12,142825011,1557.66,6.03,-1.06,-3647841,38.52,23.02,57310602,
롯데렌탈(주),089860,2012/12,1694021118,533.19,15.79,8.26,-213075816,0,0,716207567,
롯데손해보험(주),000400,2012/03,,,,,,,,,
롯데쇼핑(주),023530,2012/12,36857044868,134.48,42.65,12.54,903974605,0.83,0.58,25043680472,
롯데에너지머티리얼즈(주),020150,2012/12,469866854,73.31,57.7,19.31,61615496,2.66,1.04,393229382,
롯데정밀화학(주),004000,2012/12,1607875860,39.41,71.73,0,,1.66,1.17,1431158801,
롯데지주(주),004990,2012/12,4024386750,43.65,69.62,0.56,,0.97,0.73,1864492512,
롯데칠성음료(주),005300,2012/12,3750453523,65.33,60.48,5.33,126788405,1.06,0.78,2198585210,
롯데케미칼(주),011170,2012/12,10372314247,70.48,58.66,1.29,102810958,2.09,0.98,15902803025,
롯데하이마트(주),071840,2012/12,2603494002,76.58,56.63,-5.55,59365033,1.37,0.74,3221139239,
명문제약(주),017180,2012/12,188337123,158.46,38.69,-19.97,2780663,1.7,0.74,100538969,
명신산업(주),009900,2012/12,,,,,,0,0,,
무림페이퍼(주),009200,2012/12,2224876903,250.54,28.53,4.95,,0.43,0.32,1079338906,
무림피앤피(주),009580,2012/12,1237616644,121.24,45.2,28.91,,0.73,0.39,596810815,
문배철강(주),008420,2012/12,,,,,,0.63,0.4,,
미래산업(주),025560,2012/12,96187992,152.97,39.53,0,1739526,25.43,2.87,33767221,
미래에셋생명보험(주),085620,2012/03,,,,,86031669,,,3918539456,
미래에셋증권(주),006800,2012/03,,,,,82162000,,,2950273000,
미원상사(주),002840,2012/12,181453952,73.63,57.59,30.57,31158644,1.31,0.73,182376882,
미원홀딩스(주),107590,2012/12,147898036,24.29,80.46,17.88,21919075,1.71,0.75,238777118,
미원화학(주),134380,2012/12,,,,,,1.25,0.95,,
미창석유공업(주),003650,2012/12,,,,,,0.61,0.47,,
백광산업(주),001340,2012/12,,,,,,7.36,0.45,,
범양건영(주),002410,2012/12,180109404,1899.55,5,-53.18,,39.08,0.51,70088284,
보해양조(주),000890,2012/12,235749476,399.89,20,-7.16,-174073,11.36,0.61,120935397,
부광약품(주),003000,2012/12,,,,,,3.03,1.73,,
부국증권(주),001270,2012/03,,,,,12836000,,,290566163,
부국철강(주),026940,2012/12,,,,,,0.47,0.34,,
부산산업(주),011390,2012/12,103165018,169.01,37.17,-20.7,,1.28,0.43,60063968,
부산주공(주),005030,2012/12,,,,,,0.69,0.41,,
비케이탑스(주),030790,2012/12,356263515,1486.69,6.3,0,-7250810,11.76,5.72,322005355,
사조동아원(주),008040,2012/12,720520338,297.03,25.19,16.84,-15280263,1.73,0.84,611024857,
사조산업(주),007160,2012/12,1225738588,207.86,32.48,6.57,11033000,1.56,1.12,1088615907,
사조씨푸드(주),014710,2012/12,289383562,88.34,53.1,0.42,-1696154,1.06,0.56,281985807,
삼부토건(주),001470,2012/12,1566956044,2141.88,4.46,-15.68,24460797,0.77,0.27,613848003,
삼성SDI(주),006400,2012/12,10895087292,44.03,69.43,6.01,,1.05,0.78,5771184920,
삼성공조(주),006660,2012/12,249081130,50.52,66.44,-15.48,,0.49,0.35,141483922,
삼성물산(주),028260,2012/12,6642285245,74.56,57.29,0,-18931596,0,0,3003688491,
삼성바이오로직스(주),207940,2012/12,570278585,,,,-85571617,,,0,
삼성생명보험(주),032830,2012/03,,,,,9706746000,,,22717512000,
삼성에스디에스(주),018260,2012/12,4465407179,37.61,72.67,28.13,629466382,0,0,6105858304,
삼성엔지니어링(주),028050,2012/12,5673553365,226.06,30.67,23.04,-198920441,6.51,3.59,11440156745,
삼성전기(주),009150,2012/12,6891464351,73.78,57.54,31.18,,2.4,1.66,7912829681,
삼성전자(주),005930,2012/12,181071570000,49.05,67.09,21.88,,2.55,1.68,201103613000,
삼성제약(주),001360,2012/12,,,,,,-9.61,-2.96,,
삼성중공업(주),010140,2012/12,16634966576,214.88,31.76,8.2,,1.92,1.26,14489473629,
삼성증권(주),016360,2012/03,,,,,-670025031,,,2736672643,
삼성카드(주),029780,2012/12,,,,,-878659601,,,3817669564,
삼성화재해상보험(주),000810,2012/03,,,,,2983266119,,,17514344885,
삼아알미늄(주),006110,2012/12,,,,,,0.36,0.24,,
삼양식품(주),003230,2012/12,290495086,80.26,55.48,9.08,3656660,2.25,0.98,325842064,
삼양통상(주),002170,2012/12,258563880,21.43,82.35,0,,0.49,0.29,162453427,
삼영무역(주),002810,2012/12,250227922,20.86,82.74,0,7130388,1.11,0.48,274500419,
삼영전자공업(주),005680,2012/12,456241229,7.03,93.44,-10.85,,0.58,0.41,287139605,
삼익티에이치케이(주),004380,2012/12,,,,,,1.72,0.95,,
삼일제약(주),000520,2012/12,110995906,76.54,56.65,-3.21,,0.54,0.38,91444317,
삼정펄프(주),009770,2012/12,,,,,,0.77,0.44,,
삼진제약(주),005500,2012/12,,,,,,1.76,1,,
삼호개발(주),010960,2012/12,207299680,73.48,57.64,0,15140170,0.68,0.37,213076747,
삼화왕관(주),004450,2012/12,,,,,,0.5,0.41,,
삼화전기(주),009470,2012/12,143183963,269.33,27.08,3.32,-3869063,1.13,0.65,181523689,
삼화전자공업(주),011230,2012/12,69140332,718.56,12.22,-6.38,,0.85,0.48,48299999,
삼화콘덴서공업(주),001820,2012/12,130194292,138.3,41.96,2.48,,1.78,1.17,169578215,
삼화페인트공업(주),000390,2012/12,424727541,91.56,52.2,4.34,30540375,0.51,0.36,434895966,
상신브레이크(주),041650,2012/12,233901216,177.43,36.04,11.82,16151226,1.59,0.92,286267862,
새론오토모티브(주),075180,2012/12,180692123,32.59,75.42,8.12,19366077,0.94,0.65,176292449,
샘표(주),007540,2012/12,234104260,70.79,58.55,0.61,,0.98,0.53,239374422,
서울도시가스(주),017390,2012/12,1519546129,108.78,47.9,13.27,102536462,0.61,0.31,1928279733,
서울식품공업(주),004410,2012/12,50335004,108.43,47.98,7.88,,1.65,0.97,39432971,
선도전기(주),007610,2012/12,98958167,33.98,74.64,0,-6269960,1.1,0.59,57215359,
성문전자(주),014910,2012/12,43168506,28.82,77.63,-26.79,,1.46,0.77,54422921,
성보화학(주),003080,2012/12,,,,,,0.66,0.5,,
성신양회(주),004980,2012/12,1122491013,241.43,29.29,12.49,,0.34,0.15,546544826,
성창기업지주(주),000180,2012/12,328454337,27.62,78.36,8.55,,1.82,0.99,161245788,
세기상사(주),002420,2012/12,51562689,69.73,58.92,1.24,,0.51,0.37,6103971,
세방(주),004360,2012/12,903191339,47.63,67.74,-6.1,27442092,0.85,0.62,717999370,
세방전지(주),004490,2012/12,,,,,,1.25,1.01,,
세원이앤씨(주),091090,2012/12,367606792,236.06,29.76,19.72,-13271933,1.48,0.92,285814306,
세종공업(주),033530,2012/12,669607298,116.75,46.14,8.53,84219375,1.24,0.83,1017676960,
세하(주),027970,2012/12,,,,,,0.94,0.35,,
송원산업(주),004430,2012/12,862123000,200.69,33.26,8.06,,1.1,0.63,679637000,
스틱인베스트먼트(주),026890,2012/12,155192733,50.39,66.5,-4.02,9692276,1.79,0.73,172248156,
신대양제지(주),016590,2012/12,403588349,57.38,63.54,-8.46,75201508,0.41,0.25,361199678,
신라교역(주),004970,2012/12,509905304,28.32,77.93,36.33,,1.17,0.53,438250218,
신세계건설(주),034300,2012/12,,,,,,0.42,0.26,,
신송홀딩스(주),006880,2012/12,185368365,48.18,67.48,11.82,12888693,0,0,165981138,
신일전자(주),002700,2012/12,58652640,116.12,46.27,11.96,8898974,4.38,0.8,90868659,
신풍제약(주),019170,2012/12,379679609,101.18,49.71,-3.71,,2.2,0.85,221169380,
쌍용씨앤이(주),003410,2012/12,3163501918,174.52,36.43,7.33,204847562,0.53,0.3,1991040326,
써니전자(주),004770,2012/12,33690475,81.97,54.95,-2.08,,11.38,0.39,26449568,
씨에스윈드(주),112610,2012/12,280432095,143.25,41.11,74.35,57723873,0,0,317920475,
씨제이(주),001040,2012/12,21385040866,155.07,39.21,32.83,1562979394,1.53,0.87,17628388035,
씨제이대한통운(주),000120,2012/12,3669501369,57.62,63.44,7.16,116938980,1.24,0.63,2773220576,
씨제이씨지브이(주),079160,2012/12,1007974719,189.65,34.52,24,122389662,2.04,1.4,779332695,
씨제이씨푸드(주),011150,2012/12,,,,,,3.61,2.04,,
씨제이제일제당(주),097950,2012/12,12363882660,136.81,42.23,51.07,805051777,2.19,1.57,9877532183,
아남전자(주),008700,2012/12,120449652,78.61,55.99,-2.62,10362265,1.4,0.48,135849992,
아세아(주),002030,2012/12,1581790091,45.35,68.8,-4.64,,0.46,0.24,1034707935,
아세아제지(주),002310,2012/12,472881025,88.22,53.13,-4.5,,0.43,0.22,494044880,
아시아나아이디티(주),267850,2012/12,167926605,133.67,42.8,-23.44,25294364,0,0,248512826,
아시아나항공(주),020560,2012/12,6086361853,505.67,16.51,4.96,345691616,1.79,1.22,5887872743,
아이에스동서(주),010780,2012/12,1103203088,178.92,35.85,37.9,10914514,1.2,0.58,646588330,
아주스틸(주),139990,2012/12,,,,,,,,239522329,
애경산업(주),018250,2012/12,,,,,,,,,
애경케미칼(주),161000,2012/12,463816829,,,,-5254149,,,413887982,
에스디바이오센서(주),137310,2012/12,,,,,,,,,
에스엘(주),005850,2012/12,1125387757,83.08,54.62,0,66732437,1.74,0.79,1162486576,
에스지씨에너지(주),005090,2012/12,,,,,10576857,1.57,0.98,,
에스케이(주),034730,2012/12,5121976177,128.98,43.67,31.73,216563659,8.19,4.85,2241803020,
에스케이가스(주),018670,2012/12,2892299703,196.13,33.77,5,413076642,0.88,0.52,7583747014,
에스케이네트웍스(주),001740,2012/12,10627073278,246.57,28.85,1.45,,1.01,0.67,27935503372,
에스케이디스커버리(주),006120,2012/12,4993944780,187.3,34.81,3.33,416176014,1.97,1.31,9160084618,
에스케이디앤디(주),210980,2012/12,,,,,,,,,
에스케이렌터카(주),068400,2012/12,682227219,302.86,24.82,0.73,-47782419,1.25,0.67,401375627,
에스케이바이오팜(주),326030,2012/12,207574031,12.31,89.04,0,-24065043,0,0,51798063,
에스케이씨(주),011790,2012/12,3491296172,192.99,34.13,6.29,118762672,1.76,1.18,2629170921,
에스케이오션플랜트(주),100090,2012/12,,,,,,0,0,,
에스케이증권(주),001510,2012/03,,,,,-471488229,,,633949706,
에스케이텔레콤(주),017670,2012/12,25595559623,99.11,50.22,2.27,3999664146,1.37,1.01,16300479280,
에스케이하이닉스(주),000660,2012/12,18648693000,91.48,52.23,-2.25,2211651000,2.19,1.42,10162210000,
에쓰-오일(주),010950,2012/12,12497379000,132.46,43.02,8.8,,3.33,1.99,34723291000,
에쓰씨엔지니어링(주),023960,2012/12,385510001,220.72,31.18,3.05,-24653175,0.78,0.39,318810978,
에어부산(주),298690,2012/12,,,,,,,,,
에이치디씨(주),012630,2012/12,6638455523,173.43,36.57,-18.84,-46554592,0.87,0.5,3334053764,
에이치디씨랩스(주),039570,2012/12,132813177,120.76,45.3,0,10440656,0,0,106770656,
에이치디씨현대이피(주),089470,2012/12,483464434,274.75,26.68,12.31,-3070315,1.94,1.22,807113596,
에이치디한국조선해양(주),009540,2012/12,49273175894,162.91,38.04,2.35,-3459075408,1.8,1,54973701392,
에이치디현대인프라코어(주),042670,2012/12,11552840624,285.52,25.94,-3.6,-450365235,2.27,1.39,8158350960,
에이치에스디엔진(주),082740,2012/12,1786202789,138.87,41.86,-31.24,-188836016,1.79,0.83,1378777833,
에이치엘디앤아이한라(주),014790,2012/12,3149695355,365.14,21.5,14.91,-255885359,1.29,0.57,1986349612,
에이치엘비글로벌(주),003580,2012/12,65291329,78.11,56.15,-7.53,-42653,0.97,0.52,21625906,
에이치엘홀딩스(주),060980,2012/12,4034737026,157.42,38.85,10.95,153439375,3.26,1.88,5059281113,
에이치엠엠(주),011200,2012/12,8982427000,720.1,12.19,8.44,-290579000,5.64,3.79,8046896000,
에이케이홀딩스(주),006840,2012/12,618727330,50.08,66.63,-69.51,15874495,1.03,0.51,428068164,
엔에이치투자증권(주),005940,2012/03,,,,,273645000,,,3605992000,
엔피씨(주),004250,2012/12,255229143,87.91,53.22,3.38,23042980,1.06,0.69,280164147,
엘브이엠씨홀딩스(주),900140,2012/12,142648802,23.78,80.79,42.78,4839339,,,275939920,
엘아이지넥스원(주),079550,2012/12,,,,,47155911,0,0,,
엘지디스플레이(주),034220,2012/12,24455511000,138.82,41.87,21.15,4569695000,1.44,0.76,29429668000,
엘지전자(주),066570,2012/12,31457386000,147.61,40.39,-6.08,2101052000,1.87,1.11,50959978000,
영보화학(주),014440,2012/12,150657195,67.94,59.55,5.42,7894255,1.57,0.67,137821635,
영진약품(주),003520,2012/12,,,,,,5.67,2.59,,
영풍제지(주),006740,2012/12,,,,,,0.41,0.27,,
영화금속(주),012280,2012/12,105616697,137.07,42.18,-3.91,,2.82,0.66,172058734,
우리종합금융(주),010050,2012/03,,,,,29579920,,,303632034,
웰바이오텍(주),010600,2012/12,61813589,71.51,58.3,14.16,3058897,0.66,0.33,136748153,
유니온머티리얼(주),047400,2012/12,143208299,63.68,61.09,10.49,3206111,2.04,0.91,98469090,
유니퀘스트(주),077500,2012/12,187396014,58.27,63.18,-10.1,5881447,1.26,0.47,201158744,
유성기업(주),002920,2012/12,328962825,49.95,66.69,6.79,,0.53,0.35,298708961,
유안타증권(주),003470,2012/03,,,,,231914764,,,2254963302,
유엔젤(주),072130,2012/12,81354992,17.12,85.38,0.26,-809155,1.75,0.87,49658661,
유진투자증권(주),001200,2012/03,,,,,-44006682,,,610735039,
유화증권(주),003460,2012/03,,,,,,,,,
율촌화학(주),008730,2012/12,,,,,,0.79,0.67,,
이건산업(주),008250,2012/12,352102941,184.24,35.18,11.95,31131819,0.78,0.43,246356081,
이구산업(주),025820,2012/12,,,,,,0.53,0.35,,
이연제약(주),102460,2012/12,,,,,,1.91,1.01,,
이화산업(주),000760,2012/03,276371922,32.51,75.47,0,1016709,0.79,0.37,70879588,
인지컨트롤스(주),023800,2012/12,384522741,99.21,50.2,-42.51,93229887,1.03,0.64,560167605,
인천도시가스(주),034590,2012/12,,,,,,0.74,0.59,,
인터지스(주),129260,2012/12,458749926,132.3,43.05,17.72,30475576,0.75,0.49,452021994,
일동홀딩스(주),000230,2012/12,541713444,66.98,59.89,4.11,,1.24,0.51,362781056,
일성건설(주),013360,2012/12,265083941,101.17,49.71,2.67,88652,0.3,0.18,246862236,
일성신약(주),003120,2012/12,,,,,,0.76,0.61,,
일신방직(주),003200,2012/12,737309586,20.49,83,-8.87,,0.45,0.32,439149584,
일양약품(주),007570,2012/03,,,,,,4.97,1.79,,
일정실업(주),008500,2012/12,77512873,52.88,65.41,22.1,1574298,0.49,0.36,96618608,
일진다이아몬드(주),081000,2012/12,134388811,96.99,50.76,0,7757926,1.94,1,96316456,
일진디스플레이(주),020760,2012/12,,,,,,4.63,2,,
일진전기(주),103590,2012/12,828363428,161.63,38.22,-3.05,-12707947,0.87,0.45,986827711,
일진하이솔루스(주),271940,2012/12,,,,,,,,,
일진홀딩스(주),015860,2012/12,1108754299,165.62,37.65,-1.51,-26460094,0.45,0.29,1108975647,
자이에스앤디(주),317400,2012/12,,,,,,,,,
자화전자(주),033240,2012/12,294711880,46.03,68.48,30.4,65190138,2.01,0.95,327383247,
전방(주),000950,2012/12,542146329,168.87,37.19,-3.7,,0.31,0.2,295162070,
제이더블유생명과학(주),234080,2012/12,156058578,128.3,43.8,0,17554452,0,0,89090519,
제이더블유중외제약(주),001060,2012/12,603145264,268.53,27.13,0,63203813,1.63,0.99,397084759,
제이더블유홀딩스(주),096760,2012/12,1077132172,424.25,19.07,-0.79,-3112212,1.04,0.79,511945580,
제이준코스메틱(주),025620,2012/12,,,,,-2305592,5.32,1.88,,
제일연마공업(주),001560,2012/12,97864795,29.11,77.45,-1.83,13280219,0.79,0.66,86097284,
제일파마홀딩스(주),002620,2012/12,,,,,,1.37,0.78,,
조광페인트(주),004910,2012/12,217570680,71.18,58.42,3.71,,1.79,0.38,172960466,
조광피혁(주),004700,2012/12,178991294,28,78.12,0,,0.96,0.49,193883303,
조선내화(주),000480,2012/12,1167260069,83.23,54.58,8.47,67842453,0.64,0.53,835634819,
조선선재(주),120030,2012/12,,,,,,1.77,0.98,,
조일알미늄(주),018470,2012/12,,,,,,5.63,0.37,,
중소기업은행,024110,2012/12,,,,,7468434000,,,15585439000,
지에스건설(주),006360,2012/12,11469527163,186.91,34.85,2.62,,1.49,0.64,9289550356,
지엠비코리아(주),013870,2012/12,354106751,105.13,48.75,-0.26,14173338,0.73,0.6,436611664,
진양산업(주),003780,2012/12,31803400,25.73,79.54,0,,1.38,0.85,36355443,
진양폴리우레탄(주),010640,2012/12,,,,,,1.22,0.8,,
진양화학(주),051630,2012/12,,,,,,1.16,0.67,,
진원생명과학(주),011000,2012/12,39961250,49.44,66.92,-30.02,,3.66,1.55,19410461,
진흥기업(주),002780,2012/12,540235818,407.99,19.69,-16.1,35972718,11.18,0.87,466811943,
참엔지니어링(주),009310,2012/12,195191166,145.91,40.67,-59.29,21745240,1.57,0.68,86043032,
컨버즈(주),109070,2012/12,,,,,,1.18,0.44,,
케이비아이동국실업(주),001620,2012/12,316805034,99.33,50.17,14.84,13030896,0.82,0.43,393422497,
케이씨그린홀딩스(주),009440,2012/12,485305389,152.47,39.61,56.86,,0.68,0.4,502629849,
케이씨코트렐(주),119650,2012/12,,,,,-19370245,3.08,1.25,,
케이알모터스(주),000040,2012/12,119327267,96.27,50.95,-23.33,,2,0.81,97926654,
케이지모빌리티(주),003620,2012/12,1850490369,131.12,43.27,0,145630587,1.67,0.81,2874145561,
케이지케미칼(주),001390,2012/12,801412082,180.18,35.69,35.18,35932551,0.85,0.48,758747768,
케이피엑스케미칼(주),025000,2012/12,450374133,33.56,74.87,-2.36,,0.98,0.7,761990127,
케이피엑스홀딩스(주),092230,2012/12,1224858574,38.51,72.2,8.42,89529990,0.53,0.45,1319019169,
코리안리재보험(주),003690,2012/03,,,,,3277251,,,6758913750,
코스맥스비티아이(주),044820,2012/12,241673476,202.14,33.1,28.09,11545223,12.03,3.24,312552367,
코스모신소재(주),005070,2012/12,,,,,,1.33,0.66,,
코스모화학(주),005420,2012/12,,,,,,1.11,0.44,,
코오롱글로벌(주),003070,2012/12,2761406575,520.6,16.11,182.77,32468772,1.47,0.68,4297307072,
코오롱인더스트리(주),120110,2012/12,4628342099,145.84,40.68,-1.98,239442957,1.59,0.99,5312951445,
코오롱플라스틱(주),138490,2012/12,208488636,123.24,44.79,10.01,-8351709,2.9,1.58,230127378,
코웨이(주),021240,2012/12,1755108360,123.56,44.73,9.23,454295658,4.55,2.94,1992838137,
쿠쿠홀딩스(주),192400,2012/12,395246642,24.51,80.31,0,36339205,0,0,336234502,
키움증권(주),039490,2012/03,,,,,61063605,,,571215045,
태경산업(주),015890,2012/12,428780317,55.34,64.38,1.62,30065522,0.72,0.54,406825725,
태경케미컬(주),006890,2012/12,90176361,16.62,85.75,4.32,8920709,0.92,0.5,55839714,
태광산업(주),003240,2012/12,3880265818,50.2,66.58,-7.24,339779628,0.75,0.41,3715181735,
태림포장(주),011280,2012/12,,,,,,0.45,0.27,,
태양금속공업(주),004100,2012/12,404649952,345.8,22.43,25.76,,0.39,0.26,433348535,
태원물산(주),001420,2012/12,,,,,,0.99,0.46,,
태평양물산(주),007980,2012/12,460491054,329.3,23.29,0,-69022687,0.65,0.33,593322835,
텔코웨어(주),078000,2012/12,110408601,28.73,77.68,13.47,7173043,1.51,0.89,62267722,
티와이엠(주),002900,2012/12,338915310,137.28,42.14,8.9,,1.25,0.44,366717705,
티케이지휴켐스(주),069260,2012/12,771018336,67.43,59.72,25.83,41544492,2.66,1.86,713347820,
파미셀(주),005690,2012/12,136426638,34.3,74.46,8.07,-11868350,10.58,3.36,11111800,
팜젠사이언스(주),004720,2012/12,42613631,64.51,60.79,0,-3975637,9.91,1.29,30291621,
팬오션(주),028670,2012/12,7150182000,301.93,24.88,-5.65,-75383000,0.95,0.31,5417846000,
퍼스텍(주),010820,2012/12,132133694,92.49,51.95,8.97,,2.21,1.35,91483076,
페이퍼코리아(주),001020,2012/12,434804634,253.6,28.28,3.39,11938505,0.88,0.36,255472972,
평화산업(주),090080,2012/12,69784966,297.72,25.14,0,5051979,3.91,1.35,128505235,
평화홀딩스(주),010770,2012/12,566324408,226.98,30.58,5.92,,0.47,0.34,570649070,
포스코스틸리온(주),058430,2012/12,,,,,2596099,0.81,0.52,,
포스코홀딩스(주),005490,2012/12,79265850804,86.82,53.53,-7.74,7319456885,0.97,0.69,63604150874,
피아이첨단소재(주),178920,2012/12,,,,,,0,0,,
하나제약(주),293480,2012/12,,,,,,,,,
하이트진로(주),000080,2012/12,3518666190,149.72,40.05,48.12,104783111,2.12,1.23,2034625757,
하이트진로홀딩스(주),000140,2012/12,4443598671,229.15,30.38,-1.45,,0.45,0.22,2081670796,
한국가스공사(주),036460,2012/12,40621718532,385.39,20.6,22.94,403379038,0.89,0.36,35031319144,
한국공항(주),005430,2012/12,,,,,,0.5,0.35,,
한국내화(주),010040,2012/12,,,,,,1.13,0.74,,
한국단자공업(주),025540,2012/12,498541217,25.98,79.38,5.26,44558580,0.84,0.56,482862235,
한국무브넥스(주),010100,2012/12,614503505,140.17,41.64,-1.87,5626196,0.53,0.39,954220342,
한국석유공업(주),004090,2012/12,215853209,107.88,48.11,-5.25,,0.32,0.2,369268390,
한국수출포장공업(주),002200,2012/12,269327436,27.48,78.45,4.85,,0.36,0.22,260281725,
한국쉘석유(주),002960,2012/12,,,,,,5.45,4.23,,
한국앤컴퍼니(주),000240,2012/12,,,,,,6.72,1.85,,
한국유나이티드제약(주),033270,2012/12,187577461,40.53,71.16,-7.3,21880100,1.22,0.59,134829851,
한국자산신탁(주),123890,2012/12,,,,,-54854148,,,40790873,
한국전력공사(주),015760,2012/12,146152820000,186.21,34.94,13.53,3916833000,0.48,0.33,49421513000,
한국전력기술(주),052690,2012/12,,,,,,15.76,6.81,,
한국주강(주),025890,2012/12,,,,,,1.08,0.44,,
한국주철관공업(주),000970,2012/03,333471929,54.82,64.59,18.41,22815611,0.63,0.32,317632431,
한국지역난방공사,071320,2012/12,4892422214,221.21,31.13,31.66,341853840,0.67,0.37,2809566616,
한국철강(주),104700,2012/12,,,,,,0.45,0.27,,
한국콜마홀딩스(주),024720,2012/03,295606988,112.14,47.14,0,15609992,2.51,1.29,324517641,
한국타이어앤테크놀로지(주),161390,2012/12,7182454444,,,,439059331,,,2317223404,
한국투자금융지주(주),071050,2012/03,,,,,-1542529053,,,2656639631,
한국항공우주산업(주),047810,2012/12,1892522284,113.28,46.89,19.32,448338992,6.03,3.56,1534606239,
한국화장품(주),123690,2012/12,113557331,183.22,35.31,4.43,-13441383,0.89,0.38,73399936,
한미반도체(주),042700,2012/12,230991973,26.2,79.24,-1.38,36396766,1.17,0.69,173393986,
한미사이언스(주),008930,2012/12,485394283,23.23,81.15,16.34,-175636,2.77,0.39,20179239,
한미약품(주),128940,2012/12,835591466,104.13,48.99,11.19,63268202,4.34,1.66,674005087,
한성기업(주),003680,2012/12,179025738,171.87,36.78,0,,1.38,0.7,273041271,
한세실업(주),105630,2012/12,585712033,149.92,40.01,13.5,40780325,3.3,0.98,1129564400,
한세엠케이(주),069640,2012/12,173129321,26.37,79.13,5.69,4742616,0.86,0.4,259402309,
한세예스24홀딩스(주),016450,2012/12,777412081,134.41,42.66,8.87,48984237,2.64,1.24,1470986929,
한솔로지스틱스(주),009180,2012/12,204757097,93.65,51.64,11.1,8258441,2.19,0.65,434698631,
한솔테크닉스(주),004710,2012/12,420136106,187.79,34.75,-42.28,-5871792,2.23,0.82,558799105,
한솔피엔에스(주),010420,2012/12,,,,,,0.98,0.62,,
한솔홀딩스(주),004150,2012/12,2486392125,222.05,31.05,0.76,207121275,0.62,0.38,1779381328,
한신공영(주),004960,2012/12,1502729284,352.39,22.1,9.34,76201115,0.31,0.2,926361148,
한신기계공업(주),011700,2012/12,74166752,43,69.93,5.74,,1.13,0.66,68167788,
한양증권(주),001750,2012/03,,,,,,,,,
한온시스템(주),018880,2012/12,2236209331,55.43,64.34,10.29,277720429,2.68,1.65,3653096886,
한올바이오파마(주),009420,2012/12,124274609,57.97,63.3,-13.31,2196010,7.52,4.26,76027305,
한일철강(주),002220,2012/12,309469737,90.2,52.58,-11.07,15766014,0.24,0.16,154113435,
한일현대시멘트(주),006390,2012/12,767217800,1637.67,5.75,1.3,20475119,1.41,0.61,419382950,
한일홀딩스(주),003300,2012/12,2043156635,66.12,60.2,14.65,35284313,0.35,0.18,995083818,
한전산업개발(주),130660,2012/12,166218533,148.81,40.19,-7.68,6991262,4.1,2.54,254371650,
한전케이피에스(주),051600,2012/12,,,,,,6.05,3.6,,
한화생명보험(주),088350,2012/03,,,,,1432175669,,,11366389260,
한화손해보험(주),000370,2012/03,,,,,-71116642,,,4292435775,
한화솔루션(주),009830,2012/12,12406694986,171.75,36.8,-12.34,279345954,1.37,0.65,6962213423,
한화시스템(주),272210,2012/12,,,,,,0,0,,
한화에어로스페이스(주),012450,2012/12,3240938017,105.42,48.68,-0.44,,3.43,2.22,2934702113,
한화투자증권(주),003530,2012/03,,,,,76638306,,,2073164901,
해태제과식품(주),101530,2012/12,690467693,344.02,22.52,2.84,75119831,0,0,725501704,
핸즈코퍼레이션(주),143210,2012/12,,,,,,,,584838254,
현대건설(주),000720,2012/12,12746829000,168.02,37.31,11.78,28135000,2.2,1.4,13324821000,
현대글로비스(주),086280,2012/12,4257802897,121.85,45.08,23.05,345773546,5.42,3.82,11746035658,
현대로템(주),064350,2012/12,3670359832,210.2,32.24,12.52,24706424,0,0,3116629156,
현대모비스(주),012330,2012/12,30046996000,76.34,56.71,17.09,,2.44,1.92,30789019000,
현대비앤지스틸(주),004560,2012/12,623511528,134.59,42.63,0,,1.02,0.54,747234457,
현대엘리베이터(주),017800,2012/12,1266147704,219.3,31.32,4.14,99379568,2.37,1.14,915619507,
현대오토에버(주),307950,2012/12,447487549,140.61,41.56,25.85,49729823,0,0,922020996,
현대위아(주),011210,2012/12,4573489077,143,41.15,9.83,594907779,3.16,1.99,7021086366,
현대자동차(주),005380,2012/12,121537814000,153.64,39.43,8.58,5339686000,2.26,1.64,84469721000,
현대제철(주),004020,2012/12,22951386707,133.46,42.83,-7.29,,1.06,0.66,14146368737,
현대차증권(주),001500,2012/03,,,,,,,,,
현대코퍼레이션(주),011760,2012/12,1914761875,367.13,21.41,0.36,27962744,2.11,1.33,5468422848,
현대해상화재보험(주),001450,2012/03,,,,,2970117243,,,11569071764,
호전실업(주),111110,2012/12,,,,,,,,,
화성산업(주),002460,2012/12,397183609,80.78,55.32,-12.73,,0.3,0.16,351260068,
화천기계(주),010660,2012/12,,,,,,0.64,0.46,,
화천기공(주),000850,2012/12,306873292,37.95,72.49,-4.63,19153165,0.65,0.44,240406158,
환인제약(주),016580,2012/12,,,,,,1.36,0.68,,
효성아이티엑스(주),094280,2012/12,71688635,157.31,38.86,0,9348547,2.52,1.38,213327457,
흥국화재해상보험(주),000540,2012/03,,,,,312505000,,,3125724000,
흥아해운(주),003280,2012/12,533571353,328,23.36,6.16,,0.78,0.42,726499926,
