,업종명,종목명,2013_E,2013_S,2013_G,2014_E,2014_S,2014_G,Diff_E,Diff_S,Diff_G,2013_종가,2014_종가,등락률,연도
0,1차 산업,동원,3.0,2.5,2.5,2.0,2.5,2.5,-1.0,0.0,0.0,4310,3550,-0.1763341067285382,"13,14년"
1,1차 산업,동원산업,3.0,2.5,2.5,3.0,2.5,2.5,0.0,0.0,0.0,284000,328000,0.1549295774647887,"13,14년"
2,1차 산업,동원수산,2.0,2.5,2.5,2.0,2.5,2.5,0.0,0.0,0.0,14900,7180,-0.5181208053691275,"13,14년"
3,1차 산업,사조산업,2.0,2.5,2.5,2.0,2.5,2.5,0.0,0.0,0.0,29550,37550,0.2707275803722504,"13,14년"
4,1차 산업,사조오양,3.0,2.5,2.5,2.0,2.5,2.5,-1.0,0.0,0.0,7450,8900,0.1946308724832214,"13,14년"
5,1차 산업,신라교역,3.0,2.5,2.5,3.0,2.5,2.5,0.0,0.0,0.0,29250,19900,-0.3196581196581196,"13,14년"
6,건설업,GS건설,5.0,5.0,5.0,4.0,5.0,5.0,-1.0,0.0,0.0,35800,28100,-0.2150837988826815,"13,14년"
7,건설업,경남기업,2.0,2.5,2.5,2.0,2.5,2.5,0.0,0.0,0.0,3400,4430,0.3029411764705882,"13,14년"
8,건설업,고려개발,2.0,2.5,2.5,2.0,2.5,2.5,0.0,0.0,0.0,1880,2965,0.5771276595744681,"13,14년"
9,건설업,금호산업,2.0,4.0,2.5,3.0,4.0,4.0,1.0,0.0,1.5,10500,12000,0.1428571428571428,"13,14년"
10,건설업,대림산업,5.0,4.0,4.0,5.0,5.0,5.0,0.0,1.0,1.0,98400,70900,-0.2794715447154471,"13,14년"
11,건설업,대우건설,4.0,5.0,5.0,1.0,5.0,5.0,-3.0,0.0,0.0,8590,6550,-0.2374854481955762,"13,14년"
12,건설업,동부건설,3.0,2.5,2.5,3.0,2.5,2.5,0.0,0.0,0.0,3340,1185,-0.6452095808383234,"13,14년"
13,건설업,동아지질,3.0,2.5,2.5,3.0,2.5,2.5,0.0,0.0,0.0,8730,7910,-0.0939289805269186,"13,14년"
15,건설업,삼부토건,2.0,2.5,2.5,3.0,2.5,2.5,1.0,0.0,0.0,5260,5020,-0.0456273764258555,"13,14년"
17,건설업,삼호개발,3.0,2.5,2.5,3.0,2.5,2.5,0.0,0.0,0.0,2410,3330,0.3817427385892116,"13,14년"
18,건설업,성지건설,2.0,2.5,2.5,2.0,2.5,2.5,0.0,0.0,0.0,6580,5220,-0.2066869300911854,"13,14년"
19,건설업,신세계건설,2.0,4.0,2.5,2.0,5.0,2.5,0.0,1.0,0.0,9950,21300,1.1407035175879396,"13,14년"
20,건설업,신한,2.0,2.5,2.5,2.0,2.5,2.5,0.0,0.0,0.0,2095,3865,0.8448687350835322,"13,14년"
21,건설업,일성건설,2.0,2.5,2.5,2.0,2.5,2.5,0.0,0.0,0.0,5680,6450,0.1355633802816901,"13,14년"
22,건설업,진흥기업,3.0,4.0,4.0,1.0,2.5,4.0,-2.0,-1.5,0.0,1640,1375,-0.1615853658536585,"13,14년"
23,건설업,코오롱글로벌,4.0,2.5,2.5,3.0,2.5,2.5,-1.0,0.0,0.0,3870,7420,0.917312661498708,"13,14년"
24,건설업,태영건설,4.0,2.5,2.5,4.0,4.0,4.0,0.0,1.5,1.5,5720,4245,-0.2578671328671328,"13,14년"
25,건설업,한신공영,3.0,2.5,2.5,3.0,2.5,2.5,0.0,0.0,0.0,11200,12150,0.0848214285714285,"13,14년"
26,건설업,한전KPS,3.0,5.0,2.5,3.0,4.0,4.0,0.0,-1.0,1.5,53800,87700,0.6301115241635687,"13,14년"
27,건설업,현대건설,4.0,4.0,4.0,4.0,4.0,5.0,0.0,0.0,1.0,60900,48550,-0.202791461412151,"13,14년"
28,건설업,화성산업,4.0,2.5,2.5,4.0,2.5,2.5,0.0,0.0,0.0,5580,11950,1.1415770609318996,"13,14년"
29,금융 및 보험업,DGB금융지주,5.0,2.5,4.0,5.0,5.0,5.0,0.0,2.5,1.0,17000,15250,-0.1029411764705882,"13,14년"
30,금융 및 보험업,KB금융,6.0,6.0,6.0,5.0,4.0,5.0,-1.0,-2.0,-1.0,42000,42000,0.0,"13,14년"
31,금융 및 보험업,KTB투자증권,4.0,2.5,2.5,3.0,2.5,2.5,-1.0,0.0,0.0,2380,2150,-0.0966386554621848,"13,14년"
32,금융 및 보험업,NH농협증권,3.0,2.5,2.5,3.0,2.5,2.5,0.0,0.0,0.0,4800,7990,0.6645833333333333,"13,14년"
33,금융 및 보험업,SK증권,4.0,4.0,2.5,4.0,4.0,2.5,0.0,0.0,0.0,803,932,0.1606475716064757,"13,14년"
34,금융 및 보험업,골든브릿지증권,2.0,2.5,2.5,3.0,2.5,2.5,1.0,0.0,0.0,849,704,-0.1707891637220259,"13,14년"
35,금융 및 보험업,교보증권,3.0,2.5,2.5,3.0,2.5,2.5,0.0,0.0,0.0,4555,13450,1.952799121844128,"13,14년"
36,금융 및 보험업,기업은행,4.0,4.0,4.0,4.0,4.0,4.0,0.0,0.0,0.0,12250,15650,0.2775510204081632,"13,14년"
37,금융 및 보험업,대신증권,5.0,2.5,2.5,4.0,2.5,2.5,-1.0,0.0,0.0,8850,10250,0.1581920903954802,"13,14년"
38,금융 및 보험업,동양생명,4.0,2.5,2.5,4.0,2.5,2.5,0.0,0.0,0.0,11250,11600,0.0311111111111111,"13,14년"
39,금융 및 보험업,롯데손해보험,4.0,4.0,2.5,4.0,5.0,2.5,0.0,1.0,0.0,3005,2915,-0.0299500831946755,"13,14년"
40,금융 및 보험업,메리츠금융지주,4.0,2.5,2.5,4.0,2.5,2.5,0.0,0.0,0.0,5450,9430,0.7302752293577982,"13,14년"
41,금융 및 보험업,메리츠종금증권,4.0,2.5,2.5,4.0,2.5,2.5,0.0,0.0,0.0,1680,4345,1.5863095238095235,"13,14년"
42,금융 및 보험업,메리츠화재,5.0,2.5,2.5,6.0,4.0,2.5,1.0,1.5,0.0,14950,12800,-0.1438127090301003,"13,14년"
43,금융 및 보험업,미래에셋증권,4.0,4.0,2.5,4.0,4.0,2.5,0.0,0.0,0.0,35800,45950,0.2835195530726257,"13,14년"
44,금융 및 보험업,부국증권,3.0,2.5,2.5,3.0,2.5,2.5,0.0,0.0,0.0,14100,14850,0.0531914893617021,"13,14년"
45,금융 및 보험업,삼성생명,5.0,6.0,5.0,5.0,6.0,5.0,0.0,0.0,0.0,104500,116500,0.1148325358851674,"13,14년"
46,금융 및 보험업,삼성증권,5.0,4.0,2.5,5.0,5.0,2.5,0.0,1.0,0.0,47050,47800,0.0159404888416578,"13,14년"
47,금융 및 보험업,삼성카드,3.0,4.0,2.5,4.0,4.0,2.5,1.0,0.0,0.0,39300,46000,0.1704834605597964,"13,14년"
48,금융 및 보험업,신영증권,4.0,2.5,2.5,3.0,2.5,2.5,-1.0,0.0,0.0,41800,60400,0.4449760765550239,"13,14년"
49,금융 및 보험업,신한지주,6.0,6.0,5.0,6.0,5.0,5.0,0.0,-1.0,0.0,46350,50300,0.0852211434735706,"13,14년"
50,금융 및 보험업,아주캐피탈,3.0,2.5,2.5,3.0,2.5,2.5,0.0,0.0,0.0,4940,6740,0.3643724696356275,"13,14년"
51,금융 및 보험업,유화증권,3.0,2.5,2.5,2.0,2.5,2.5,-1.0,0.0,0.0,11850,14550,0.2278481012658227,"13,14년"
52,금융 및 보험업,제주은행,5.0,2.5,2.5,5.0,2.5,2.5,0.0,0.0,0.0,5500,7850,0.4272727272727272,"13,14년"
53,금융 및 보험업,코리안리,5.0,2.5,2.5,5.0,2.5,2.5,0.0,0.0,0.0,11900,11400,-0.042016806722689,"13,14년"
54,금융 및 보험업,키움증권,4.0,2.5,2.5,4.0,2.5,2.5,0.0,0.0,0.0,55600,45350,-0.1843525179856115,"13,14년"
55,금융 및 보험업,하나금융지주,6.0,4.0,4.0,6.0,4.0,2.5,0.0,0.0,-1.5,40900,37050,-0.0941320293398533,"13,14년"
56,금융 및 보험업,한국금융지주,5.0,2.5,2.5,5.0,2.5,2.5,0.0,0.0,0.0,41350,54100,0.3083434099153567,"13,14년"
57,금융 및 보험업,한양증권,4.0,2.5,2.5,3.0,2.5,2.5,-1.0,0.0,0.0,6220,6850,0.1012861736334405,"13,14년"
58,금융 및 보험업,한화생명,5.0,2.5,2.5,5.0,2.5,2.5,0.0,0.0,0.0,7100,8210,0.1563380281690141,"13,14년"
59,금융 및 보험업,한화손해보험,3.0,2.5,2.5,4.0,2.5,2.5,1.0,0.0,0.0,4195,5390,0.2848629320619785,"13,14년"
60,금융 및 보험업,한화투자증권,4.0,2.5,2.5,3.0,2.5,2.5,-1.0,0.0,0.0,3585,3750,0.0460251046025104,"13,14년"
61,금융 및 보험업,현대해상,5.0,5.0,2.5,5.0,5.0,4.0,0.0,0.0,1.5,30350,28250,-0.0691927512355848,"13,14년"
62,금융 및 보험업,흥국화재,3.0,2.5,2.5,3.0,2.5,2.5,0.0,0.0,0.0,4525,3860,-0.1469613259668508,"13,14년"
63,서비스업,AK홀딩스,2.0,2.5,2.5,2.0,2.5,2.5,0.0,0.0,0.0,40150,71200,0.7733499377334994,"13,14년"
64,서비스업,CJ,3.0,5.0,2.5,3.0,5.0,4.0,0.0,0.0,1.5,111000,174000,0.5675675675675675,"13,14년"
65,서비스업,CJ CGV,3.0,2.5,2.5,2.0,4.0,2.5,-1.0,1.5,0.0,49950,52400,0.049049049049049,"13,14년"
66,서비스업,CS홀딩스,2.0,2.5,2.5,2.0,2.5,2.5,0.0,0.0,0.0,37300,74300,0.9919571045576407,"13,14년"
67,서비스업,GKL,4.0,4.0,2.5,3.0,2.5,2.5,-1.0,-1.5,0.0,38700,38250,-0.0116279069767441,"13,14년"
68,서비스업,GS,4.0,2.5,2.5,4.0,2.5,2.5,0.0,0.0,0.0,58500,41450,-0.2914529914529915,"13,14년"
69,서비스업,JW홀딩스,3.0,2.5,2.5,3.0,2.5,2.5,0.0,0.0,0.0,2680,2395,-0.1063432835820895,"13,14년"
70,서비스업,KC그린홀딩스,3.0,2.5,2.5,3.0,2.5,2.5,0.0,0.0,0.0,10450,10350,-0.0095693779904306,"13,14년"
71,서비스업,KISCO홀딩스,3.0,2.5,2.5,3.0,2.5,2.5,0.0,0.0,0.0,41800,51500,0.2320574162679425,"13,14년"
72,서비스업,KPX홀딩스,3.0,2.5,2.5,3.0,2.5,2.5,0.0,0.0,0.0,48050,81800,0.7023933402705516,"13,14년"
73,서비스업,KTcs,3.0,2.5,2.5,3.0,2.5,2.5,0.0,0.0,0.0,3100,2965,-0.0435483870967741,"13,14년"
74,서비스업,LG,5.0,4.0,2.5,5.0,4.0,2.5,0.0,0.0,0.0,62700,63600,0.0143540669856459,"13,14년"
75,서비스업,LS,4.0,2.5,2.5,4.0,2.5,2.5,0.0,0.0,0.0,79300,59900,-0.244640605296343,"13,14년"
76,서비스업,NAVER,4.0,4.0,2.5,5.0,4.0,2.5,1.0,0.0,0.0,597000,754000,0.2629815745393635,"13,14년"
77,서비스업,NICE,3.0,2.5,2.5,3.0,2.5,2.5,0.0,0.0,0.0,12950,17700,0.3667953667953668,"13,14년"
78,서비스업,S&T홀딩스,3.0,2.5,2.5,3.0,2.5,2.5,0.0,0.0,0.0,19800,17250,-0.1287878787878787,"13,14년"
79,서비스업,SBS,4.0,2.5,2.5,4.0,2.5,2.5,0.0,0.0,0.0,40050,27100,-0.3233458177278402,"13,14년"
80,서비스업,SBS미디어홀딩스,2.0,2.5,2.5,3.0,2.5,2.5,1.0,0.0,0.0,4620,3290,-0.2878787878787879,"13,14년"
81,서비스업,SK,3.0,4.0,2.5,3.0,5.0,6.0,0.0,1.0,3.5,192500,167000,-0.1324675324675324,"13,14년"
82,서비스업,SK이노베이션,3.0,5.0,5.0,3.0,5.0,5.0,0.0,0.0,0.0,149000,87500,-0.412751677852349,"13,14년"
83,서비스업,강원랜드,4.0,5.0,4.0,4.0,5.0,4.0,0.0,0.0,0.0,29150,35000,0.2006861063464837,"13,14년"
84,서비스업,넥센,3.0,2.5,2.5,3.0,2.5,2.5,0.0,0.0,0.0,74600,87000,0.1662198391420911,"13,14년"
85,서비스업,노루홀딩스,3.0,2.5,2.5,3.0,2.5,2.5,0.0,0.0,0.0,19500,25400,0.3025641025641025,"13,14년"
86,서비스업,녹십자홀딩스,3.0,2.5,2.5,3.0,2.5,2.5,0.0,0.0,0.0,13200,22450,0.7007575757575758,"13,14년"
87,서비스업,농심홀딩스,3.0,2.5,2.5,2.0,2.5,2.5,-1.0,0.0,0.0,76100,125500,0.6491458607095927,"13,14년"
88,서비스업,다우기술,2.0,2.5,2.5,2.0,2.5,2.5,0.0,0.0,0.0,14550,11100,-0.2371134020618556,"13,14년"
89,서비스업,대교,5.0,2.5,2.5,6.0,2.5,2.5,1.0,0.0,0.0,6710,7450,0.1102831594634873,"13,14년"
90,서비스업,대상홀딩스,2.0,2.5,2.5,3.0,2.5,2.5,1.0,0.0,0.0,7470,20800,1.784471218206158,"13,14년"
91,서비스업,대성합동지주,3.0,2.5,2.5,3.0,2.5,2.5,0.0,0.0,0.0,25950,32650,0.2581888246628131,"13,14년"
92,서비스업,대성홀딩스,3.0,2.5,2.5,3.0,2.5,2.5,0.0,0.0,0.0,8600,12300,0.4302325581395348,"13,14년"
93,서비스업,대웅,2.0,2.5,2.5,2.0,2.5,2.5,0.0,0.0,0.0,37350,51300,0.3734939759036144,"13,14년"
94,서비스업,더존비즈온,2.0,2.5,2.5,2.0,2.5,2.5,0.0,0.0,0.0,9960,7040,-0.2931726907630522,"13,14년"
95,서비스업,도화엔지니어링,4.0,2.5,2.5,3.0,2.5,2.5,-1.0,0.0,0.0,5200,4305,-0.1721153846153846,"13,14년"
96,서비스업,두산,6.0,5.0,6.0,5.0,5.0,5.0,-1.0,0.0,-1.0,142000,111000,-0.2183098591549295,"13,14년"
97,서비스업,비상교육,3.0,2.5,2.5,3.0,2.5,2.5,0.0,0.0,0.0,12400,8100,-0.3467741935483871,"13,14년"
98,서비스업,삼성엔지니어링,4.0,5.0,4.0,4.0,5.0,5.0,0.0,0.0,1.0,74700,61600,-0.1753681392235609,"13,14년"
99,서비스업,삼성출판사,3.0,2.5,2.5,3.0,2.5,2.5,0.0,0.0,0.0,5640,7200,0.2765957446808511,"13,14년"
100,서비스업,삼양홀딩스,3.0,2.5,2.5,2.0,2.5,2.5,-1.0,0.0,0.0,88500,89000,0.0056497175141242,"13,14년"
101,서비스업,성창기업지주,2.0,2.5,2.5,2.0,2.5,2.5,0.0,0.0,0.0,17700,20950,0.1836158192090395,"13,14년"
102,서비스업,세기상사,3.0,2.5,2.5,3.0,2.5,2.5,0.0,0.0,0.0,28250,30600,0.0831858407079646,"13,14년"
103,서비스업,세아홀딩스,3.0,2.5,2.5,3.0,2.5,2.5,0.0,0.0,0.0,98300,179500,0.8260427263479145,"13,14년"
104,서비스업,신세계푸드,2.0,2.5,2.5,2.0,4.0,4.0,0.0,1.5,1.5,88900,93500,0.0517435320584926,"13,14년"
105,서비스업,에스원,3.0,4.0,2.5,3.0,4.0,2.5,0.0,0.0,0.0,63300,74400,0.1753554502369668,"13,14년"
106,서비스업,에쓰씨엔지니어링,2.0,2.5,2.5,2.0,2.5,2.5,0.0,0.0,0.0,1940,1690,-0.1288659793814432,"13,14년"
107,서비스업,엔씨소프트,4.0,2.5,2.5,4.0,2.5,2.5,0.0,0.0,0.0,205500,147000,-0.2846715328467153,"13,14년"
108,서비스업,영원무역홀딩스,2.0,2.5,2.5,2.0,2.5,2.5,0.0,0.0,0.0,64500,105500,0.6356589147286822,"13,14년"
109,서비스업,웅진씽크빅,2.0,4.0,4.0,3.0,4.0,2.5,1.0,0.0,-1.5,6060,7240,0.1947194719471947,"13,14년"
110,서비스업,유엔젤,3.0,2.5,2.5,2.0,2.5,2.5,-1.0,0.0,0.0,4355,2965,-0.3191733639494833,"13,14년"
111,서비스업,이스타코,2.0,2.5,2.5,2.0,2.5,2.5,0.0,0.0,0.0,1770,3080,0.7401129943502824,"13,14년"
112,서비스업,이월드,2.0,2.5,2.5,2.0,2.5,2.5,0.0,0.0,0.0,903,2175,1.4086378737541527,"13,14년"
114,서비스업,제일기획,3.0,2.5,2.5,3.0,2.5,2.5,0.0,0.0,0.0,26150,16700,-0.361376673040153,"13,14년"
115,서비스업,진양홀딩스,3.0,2.5,2.5,3.0,2.5,2.5,0.0,0.0,0.0,2080,4810,1.3125,"13,14년"
116,서비스업,케이티스,4.0,2.5,2.5,4.0,2.5,2.5,0.0,0.0,0.0,4050,3590,-0.1135802469135802,"13,14년"
117,서비스업,코오롱,3.0,2.5,2.5,3.0,2.5,2.5,0.0,0.0,0.0,19850,25750,0.2972292191435768,"13,14년"
118,서비스업,코웨이,3.0,5.0,5.0,3.0,5.0,5.0,0.0,0.0,0.0,60600,81600,0.3465346534653465,"13,14년"
119,서비스업,콤텍시스템,3.0,2.5,2.5,2.0,2.5,2.5,-1.0,0.0,0.0,1310,1300,-0.0076335877862595,"13,14년"
120,서비스업,텔코웨어,3.0,2.5,2.5,3.0,2.5,2.5,0.0,0.0,0.0,10350,13450,0.2995169082125604,"13,14년"
121,서비스업,평화홀딩스,3.0,2.5,2.5,3.0,2.5,2.5,0.0,0.0,0.0,2935,2960,0.0085178875638841,"13,14년"
122,서비스업,풍산홀딩스,3.0,2.5,2.5,3.0,2.5,2.5,0.0,0.0,0.0,28100,46100,0.6405693950177936,"13,14년"
123,서비스업,하나투어,3.0,2.5,2.5,3.0,2.5,2.5,0.0,0.0,0.0,69100,67100,-0.0289435600578871,"13,14년"
124,서비스업,하이트진로홀딩스,4.0,2.5,2.5,3.0,2.5,2.5,-1.0,0.0,0.0,11550,12500,0.0822510822510822,"13,14년"
125,서비스업,한국전자홀딩스,2.0,2.5,2.5,2.0,2.5,2.5,0.0,0.0,0.0,1060,1555,0.4669811320754717,"13,14년"
126,서비스업,한국종합기술,3.0,2.5,2.5,3.0,2.5,2.5,0.0,0.0,0.0,5240,4930,-0.0591603053435114,"13,14년"
128,서비스업,한미글로벌,3.0,2.5,2.5,3.0,2.5,2.5,0.0,0.0,0.0,6920,8500,0.2283236994219653,"13,14년"
129,서비스업,한미사이언스,3.0,2.5,2.5,3.0,2.5,2.5,0.0,0.0,0.0,16000,14600,-0.0875,"13,14년"
130,서비스업,한세예스24홀딩스,3.0,2.5,2.5,3.0,2.5,2.5,0.0,0.0,0.0,4795,14400,2.003128258602711,"13,14년"
131,서비스업,한전기술,3.0,2.5,4.0,3.0,2.5,4.0,0.0,0.0,0.0,56300,65000,0.1545293072824156,"13,14년"
132,서비스업,한전산업,2.0,2.5,2.5,3.0,2.5,2.5,1.0,0.0,0.0,4395,6550,0.49032992036405,"13,14년"
133,서비스업,한진중공업홀딩스,4.0,2.5,2.5,4.0,2.5,2.5,0.0,0.0,0.0,9150,9000,-0.0163934426229508,"13,14년"
134,서비스업,현대에이치씨엔,3.0,2.5,2.5,3.0,4.0,2.5,0.0,1.5,0.0,4760,4545,-0.0451680672268907,"13,14년"
135,에너지업,경남에너지,3.0,2.5,2.5,3.0,2.5,2.5,0.0,0.0,0.0,5460,7100,0.3003663003663003,"13,14년"
136,에너지업,대성에너지,3.0,2.5,2.5,3.0,2.5,2.5,0.0,0.0,0.0,5710,6350,0.1120840630472854,"13,14년"
137,에너지업,삼천리,4.0,4.0,2.5,4.0,4.0,4.0,0.0,0.0,1.5,131000,151000,0.1526717557251908,"13,14년"
138,에너지업,예스코,4.0,4.0,2.5,4.0,5.0,2.5,0.0,1.0,0.0,34950,37600,0.0758226037195994,"13,14년"
139,에너지업,인천도시가스,2.0,2.5,2.5,3.0,2.5,2.5,1.0,0.0,0.0,26900,36600,0.3605947955390334,"13,14년"
140,에너지업,지역난방공사,4.0,4.0,4.0,5.0,4.0,4.0,1.0,0.0,0.0,99200,60000,-0.3951612903225806,"13,14년"
141,에너지업,한국가스공사,4.0,5.0,4.0,5.0,5.0,5.0,1.0,0.0,1.0,63900,50100,-0.215962441314554,"13,14년"
142,운수 및 창고업,CJ대한통운,4.0,5.0,4.0,4.0,5.0,4.0,0.0,0.0,0.0,92300,193000,1.0910075839653304,"13,14년"
143,운수 및 창고업,E1,3.0,2.5,2.5,4.0,2.5,2.5,1.0,0.0,0.0,76100,71700,-0.0578186596583442,"13,14년"
144,운수 및 창고업,GS글로벌,3.0,2.5,2.5,3.0,2.5,2.5,0.0,0.0,0.0,9680,8870,-0.0836776859504132,"13,14년"
145,운수 및 창고업,GS리테일,3.0,2.5,2.5,4.0,2.5,4.0,1.0,0.0,1.5,29300,24900,-0.1501706484641638,"13,14년"
146,운수 및 창고업,KSS해운,3.0,2.5,2.5,4.0,2.5,2.5,1.0,0.0,0.0,10250,14300,0.3951219512195122,"13,14년"
147,운수 및 창고업,LG상사,4.0,4.0,4.0,4.0,4.0,4.0,0.0,0.0,0.0,29800,21650,-0.273489932885906,"13,14년"
148,운수 및 창고업,LS네트웍스,3.0,2.5,2.5,3.0,2.5,2.5,0.0,0.0,0.0,4820,4695,-0.0259336099585062,"13,14년"
149,운수 및 창고업,SG세계물산,2.0,2.5,2.5,2.0,2.5,2.5,0.0,0.0,0.0,700,615,-0.1214285714285714,"13,14년"
150,운수 및 창고업,SK가스,4.0,4.0,2.5,4.0,4.0,2.5,0.0,0.0,0.0,74900,139500,0.8624833110814419,"13,14년"
151,운수 및 창고업,SK네트웍스,5.0,4.0,2.5,4.0,5.0,2.5,-1.0,1.0,0.0,6660,10950,0.6441441441441441,"13,14년"
152,운수 및 창고업,광주신세계,3.0,4.0,2.5,3.0,4.0,2.5,0.0,0.0,0.0,262000,308000,0.1755725190839694,"13,14년"
154,운수 및 창고업,국보,2.0,2.5,2.5,2.0,2.5,2.5,0.0,0.0,0.0,11800,11900,0.0084745762711864,"13,14년"
155,운수 및 창고업,남성,2.0,2.5,2.5,2.0,2.5,2.5,0.0,0.0,0.0,7830,12000,0.5325670498084292,"13,14년"
156,운수 및 창고업,대구백화점,3.0,2.5,2.5,3.0,2.5,2.5,0.0,0.0,0.0,16400,15250,-0.0701219512195122,"13,14년"
157,운수 및 창고업,대성산업,3.0,2.5,2.5,3.0,2.5,4.0,0.0,0.0,1.5,4300,2490,-0.4209302325581395,"13,14년"
158,운수 및 창고업,대한항공,4.0,5.0,5.0,4.0,5.0,4.0,0.0,0.0,-1.0,34050,37950,0.1145374449339207,"13,14년"
159,운수 및 창고업,동방,3.0,2.5,2.5,2.0,2.5,2.5,-1.0,0.0,0.0,2570,1880,-0.2684824902723735,"13,14년"
160,운수 및 창고업,동양고속,3.0,2.5,2.5,3.0,2.5,2.5,0.0,0.0,0.0,24050,34400,0.4303534303534304,"13,14년"
161,운수 및 창고업,롯데쇼핑,4.0,4.0,5.0,5.0,5.0,5.0,1.0,1.0,0.0,402500,296500,-0.2633540372670807,"13,14년"
162,운수 및 창고업,롯데하이마트,5.0,4.0,2.5,5.0,4.0,2.5,0.0,0.0,0.0,83500,66100,-0.2083832335329341,"13,14년"
163,운수 및 창고업,모나미,2.0,2.5,2.5,3.0,2.5,2.5,1.0,0.0,0.0,2250,3715,0.6511111111111111,"13,14년"
164,운수 및 창고업,삼성물산,4.0,5.0,5.0,3.0,5.0,5.0,-1.0,0.0,0.0,63000,72300,0.1476190476190476,"13,14년"
165,운수 및 창고업,삼영무역,3.0,2.5,2.5,3.0,2.5,2.5,0.0,0.0,0.0,16950,23900,0.4100294985250737,"13,14년"
166,운수 및 창고업,세방,3.0,2.5,2.5,4.0,2.5,2.5,1.0,0.0,0.0,19100,19350,0.013089005235602,"13,14년"
167,운수 및 창고업,세우글로벌,2.0,2.5,2.5,2.0,2.5,2.5,0.0,0.0,0.0,1285,1190,-0.0739299610894941,"13,14년"
168,운수 및 창고업,세이브존I&C,2.0,2.5,2.5,2.0,2.5,2.5,0.0,0.0,0.0,4680,7080,0.5128205128205128,"13,14년"
169,운수 및 창고업,신성통상,2.0,2.5,2.5,2.0,2.5,2.5,0.0,0.0,0.0,1100,1245,0.1318181818181818,"13,14년"
170,운수 및 창고업,신세계,4.0,5.0,4.0,4.0,4.0,4.0,0.0,-1.0,0.0,267500,198500,-0.2579439252336448,"13,14년"
171,운수 및 창고업,신세계인터내셔날,3.0,2.5,2.5,3.0,4.0,4.0,0.0,1.5,1.5,90200,125000,0.3858093126385809,"13,14년"
172,운수 및 창고업,신일산업,2.0,2.5,2.5,2.0,2.5,2.5,0.0,0.0,0.0,1400,1705,0.2178571428571428,"13,14년"
173,운수 및 창고업,신흥,3.0,2.5,2.5,3.0,2.5,2.5,0.0,0.0,0.0,6900,9680,0.4028985507246377,"13,14년"
174,운수 및 창고업,아시아나항공,4.0,4.0,5.0,2.0,5.0,4.0,-2.0,1.0,-1.0,5040,4015,-0.2033730158730158,"13,14년"
175,운수 및 창고업,아이마켓코리아,3.0,2.5,2.5,3.0,2.5,2.5,0.0,0.0,0.0,25250,26350,0.0435643564356435,"13,14년"
176,운수 및 창고업,아티스,2.0,2.5,2.5,2.0,2.5,2.5,0.0,0.0,0.0,1075,1055,-0.0186046511627906,"13,14년"
177,운수 및 창고업,영원무역,2.0,2.5,2.5,3.0,2.5,2.5,1.0,0.0,0.0,35900,63900,0.7799442896935933,"13,14년"
178,운수 및 창고업,와이비로드,2.0,2.5,2.5,2.0,2.5,2.5,0.0,0.0,0.0,1725,2395,0.3884057971014493,"13,14년"
179,운수 및 창고업,윌비스,3.0,2.5,2.5,3.0,2.5,2.5,0.0,0.0,0.0,1080,1235,0.1435185185185185,"13,14년"
180,운수 및 창고업,유니퀘스트,3.0,2.5,2.5,3.0,2.5,2.5,0.0,0.0,0.0,13600,8240,-0.3941176470588235,"13,14년"
181,운수 및 창고업,이마트,4.0,4.0,4.0,4.0,4.0,6.0,0.0,0.0,2.0,254000,198000,-0.2204724409448819,"13,14년"
182,운수 및 창고업,이화산업,2.0,2.5,2.5,2.0,2.5,2.5,0.0,0.0,0.0,7970,18600,1.3337515683814305,"13,14년"
183,운수 및 창고업,인터지스,2.0,2.5,2.5,2.0,2.5,2.5,0.0,0.0,0.0,7120,8140,0.1432584269662921,"13,14년"
184,운수 및 창고업,일신석재,2.0,2.5,2.5,2.0,2.5,2.5,0.0,0.0,0.0,1190,1245,0.0462184873949579,"13,14년"
185,운수 및 창고업,진도,2.0,2.5,2.5,2.0,2.5,2.5,0.0,0.0,0.0,4400,3390,-0.2295454545454545,"13,14년"
186,운수 및 창고업,천일고속,2.0,2.5,2.5,2.0,2.5,2.5,0.0,0.0,0.0,34100,55700,0.6334310850439883,"13,14년"
187,운수 및 창고업,한국공항,2.0,4.0,2.5,2.0,4.0,2.5,0.0,0.0,0.0,21700,33250,0.532258064516129,"13,14년"
188,운수 및 창고업,한국화장품,3.0,2.5,2.5,2.0,2.5,2.5,-1.0,0.0,0.0,1770,4945,1.7937853107344632,"13,14년"
189,운수 및 창고업,한샘,4.0,2.5,2.5,4.0,2.5,2.5,0.0,0.0,0.0,43000,127500,1.965116279069768,"13,14년"
190,운수 및 창고업,한익스프레스,2.0,2.5,2.5,3.0,2.5,2.5,1.0,0.0,0.0,24650,31550,0.2799188640973631,"13,14년"
191,운수 및 창고업,한진,3.0,2.5,4.0,2.0,2.5,2.5,-1.0,0.0,-1.5,18350,53600,1.920980926430517,"13,14년"
192,운수 및 창고업,한진해운,2.0,4.0,4.0,3.0,4.0,4.0,1.0,0.0,0.0,7750,5050,-0.3483870967741935,"13,14년"
193,운수 및 창고업,한창,2.0,2.5,2.5,1.0,2.5,2.5,-1.0,0.0,0.0,502,1170,1.330677290836653,"13,14년"
194,운수 및 창고업,현대그린푸드,3.0,4.0,2.5,4.0,2.5,2.5,1.0,-1.5,0.0,16900,18150,0.0739644970414201,"13,14년"
195,운수 및 창고업,현대글로비스,4.0,4.0,2.5,4.0,2.5,2.5,0.0,-1.5,0.0,235500,266000,0.1295116772823779,"13,14년"
196,운수 및 창고업,현대백화점,3.0,4.0,2.5,4.0,4.0,2.5,1.0,0.0,0.0,169000,135500,-0.1982248520710059,"13,14년"
197,운수 및 창고업,현대상선,4.0,4.0,4.0,3.0,2.5,4.0,-1.0,-1.5,0.0,13750,11500,-0.1636363636363636,"13,14년"
198,운수 및 창고업,현대홈쇼핑,3.0,2.5,2.5,4.0,2.5,2.5,1.0,0.0,0.0,168000,136000,-0.1904761904761904,"13,14년"
199,운수 및 창고업,혜인,3.0,2.5,2.5,3.0,2.5,2.5,0.0,0.0,0.0,3595,3580,-0.0041724617524339,"13,14년"
200,운수 및 창고업,호텔신라,2.0,2.5,2.5,2.0,2.5,2.5,0.0,0.0,0.0,68500,100500,0.4671532846715328,"13,14년"
201,운수 및 창고업,휠라코리아,3.0,2.5,2.5,3.0,2.5,2.5,0.0,0.0,0.0,71800,111500,0.552924791086351,"13,14년"
202,운수 및 창고업,흥아해운,3.0,2.5,2.5,3.0,2.5,2.5,0.0,0.0,0.0,1595,2190,0.3730407523510972,"13,14년"
203,의약품,JW중외제약,2.0,2.5,2.5,2.0,2.5,2.5,0.0,0.0,0.0,15400,14800,-0.0389610389610389,"13,14년"
204,의약품,LG생명과학,4.0,4.0,4.0,4.0,4.0,2.5,0.0,0.0,-1.5,47000,37600,-0.2,"13,14년"
205,의약품,광동제약,3.0,2.5,2.5,2.0,2.5,2.5,-1.0,0.0,0.0,7290,10350,0.419753086419753,"13,14년"
206,의약품,국제약품,2.0,2.5,2.5,3.0,2.5,2.5,1.0,0.0,0.0,2120,2440,0.1509433962264151,"13,14년"
207,의약품,녹십자,2.0,2.5,2.5,3.0,2.5,2.5,1.0,0.0,0.0,131000,137000,0.0458015267175572,"13,14년"
208,의약품,대웅제약,3.0,2.5,2.5,3.0,2.5,2.5,0.0,0.0,0.0,83600,69700,-0.166267942583732,"13,14년"
209,의약품,대원제약,3.0,2.5,2.5,4.0,2.5,2.5,1.0,0.0,0.0,10550,16550,0.5687203791469194,"13,14년"
210,의약품,동성제약,2.0,2.5,2.5,2.0,2.5,2.5,0.0,0.0,0.0,4290,5250,0.2237762237762237,"13,14년"
211,의약품,동아쏘시오홀딩스,4.0,2.5,2.5,3.0,2.5,2.5,-1.0,0.0,0.0,151000,147000,-0.0264900662251655,"13,14년"
212,의약품,동화약품,3.0,2.5,2.5,3.0,2.5,2.5,0.0,0.0,0.0,5570,6100,0.0951526032315978,"13,14년"
213,의약품,명문제약,3.0,2.5,2.5,3.0,2.5,2.5,0.0,0.0,0.0,2485,2655,0.0684104627766599,"13,14년"
214,의약품,보령제약,2.0,2.5,2.5,2.0,2.5,2.5,0.0,0.0,0.0,37900,42000,0.1081794195250659,"13,14년"
215,의약품,부광약품,4.0,2.5,2.5,4.0,2.5,2.5,0.0,0.0,0.0,14450,19950,0.3806228373702422,"13,14년"
216,의약품,삼성제약,3.0,2.5,2.5,3.0,2.5,2.5,0.0,0.0,0.0,2055,2915,0.4184914841849148,"13,14년"
217,의약품,삼일제약,2.0,2.5,2.5,3.0,2.5,2.5,1.0,0.0,0.0,5450,5900,0.0825688073394495,"13,14년"
218,의약품,삼진제약,3.0,2.5,2.5,3.0,2.5,2.5,0.0,0.0,0.0,13500,25350,0.8777777777777778,"13,14년"
219,의약품,신풍제약,3.0,2.5,2.5,3.0,2.5,2.5,0.0,0.0,0.0,5100,4230,-0.1705882352941176,"13,14년"
220,의약품,영진약품,3.0,2.5,2.5,3.0,2.5,2.5,0.0,0.0,0.0,1770,1425,-0.1949152542372881,"13,14년"
221,의약품,오리엔트바이오,2.0,2.5,2.5,2.0,2.5,2.5,0.0,0.0,0.0,605,818,0.3520661157024793,"13,14년"
222,의약품,우리들제약,2.0,2.5,2.5,2.0,2.5,2.5,0.0,0.0,0.0,493,304,-0.383367139959432,"13,14년"
223,의약품,유유제약,3.0,2.5,2.5,3.0,2.5,2.5,0.0,0.0,0.0,6950,8020,0.1539568345323741,"13,14년"
224,의약품,유한양행,3.0,2.5,4.0,3.0,4.0,4.0,0.0,1.5,0.0,187000,176500,-0.0561497326203208,"13,14년"
225,의약품,이연제약,3.0,2.5,2.5,3.0,2.5,2.5,0.0,0.0,0.0,21000,23900,0.1380952380952381,"13,14년"
226,의약품,일양약품,3.0,2.5,2.5,3.0,2.5,2.5,0.0,0.0,0.0,28250,27000,-0.0442477876106194,"13,14년"
227,의약품,종근당바이오,3.0,2.5,2.5,2.0,2.5,2.5,-1.0,0.0,0.0,16250,23800,0.4646153846153846,"13,14년"
228,의약품,파미셀,2.0,2.5,2.5,3.0,2.5,2.5,1.0,0.0,0.0,4500,4790,0.0644444444444444,"13,14년"
229,의약품,한독,4.0,2.5,4.0,4.0,2.5,4.0,0.0,0.0,0.0,17300,23850,0.3786127167630058,"13,14년"
230,의약품,한미약품,3.0,4.0,4.0,4.0,4.0,4.0,1.0,0.0,0.0,129000,85000,-0.3410852713178294,"13,14년"
231,의약품,한올바이오파마,3.0,2.5,2.5,3.0,2.5,2.5,0.0,0.0,0.0,6220,3960,-0.3633440514469453,"13,14년"
232,의약품,현대약품,3.0,2.5,2.5,4.0,2.5,4.0,1.0,0.0,1.5,1990,2525,0.2688442211055276,"13,14년"
233,의약품,환인제약,4.0,2.5,2.5,4.0,2.5,2.5,0.0,0.0,0.0,11000,24600,1.2363636363636363,"13,14년"
234,정보통신업,LG유플러스,5.0,2.5,2.5,5.0,4.0,5.0,0.0,1.5,2.5,12150,11000,-0.0946502057613168,"13,14년"
235,정보통신업,SK텔레콤,4.0,5.0,5.0,6.0,4.0,5.0,2.0,-1.0,0.0,227000,267000,0.1762114537444934,"13,14년"
236,제조업,BYC,3.0,2.5,2.5,2.0,2.5,2.5,-1.0,0.0,0.0,188500,283500,0.5039787798408488,"13,14년"
237,제조업,CJ씨푸드,2.0,2.5,2.5,3.0,2.5,2.5,1.0,0.0,0.0,2545,2560,0.005893909626719,"13,14년"
238,제조업,CJ제일제당,3.0,5.0,5.0,3.0,5.0,5.0,0.0,0.0,0.0,257500,391000,0.5184466019417475,"13,14년"
239,제조업,DRB동일,2.0,2.5,2.5,2.0,2.5,2.5,0.0,0.0,0.0,7760,16400,1.11340206185567,"13,14년"
240,제조업,DSR제강,2.0,2.5,2.5,2.0,2.5,2.5,0.0,0.0,0.0,3545,3450,-0.0267983074753173,"13,14년"
241,제조업,F&F,3.0,2.5,2.5,3.0,2.5,2.5,0.0,0.0,0.0,6600,14850,1.25,"13,14년"
242,제조업,KC코트렐,3.0,2.5,2.5,3.0,2.5,4.0,0.0,0.0,1.5,11250,5820,-0.4826666666666667,"13,14년"
243,제조업,KEC,3.0,2.5,2.5,3.0,2.5,4.0,0.0,0.0,1.5,1000,1810,0.81,"13,14년"
244,제조업,KGP,2.0,2.5,2.5,2.0,2.5,2.5,0.0,0.0,0.0,1605,600,-0.6261682242990654,"13,14년"
245,제조업,KG케미칼,1.0,2.5,2.5,2.0,2.5,2.5,1.0,0.0,0.0,17500,16550,-0.0542857142857142,"13,14년"
246,제조업,KPX그린케미칼,3.0,2.5,4.0,2.0,2.5,4.0,-1.0,0.0,0.0,4560,6400,0.4035087719298245,"13,14년"
247,제조업,KPX케미칼,4.0,2.5,2.5,3.0,2.5,2.5,-1.0,0.0,0.0,69500,59600,-0.1424460431654676,"13,14년"
248,제조업,LG디스플레이,4.0,5.0,4.0,4.0,5.0,5.0,0.0,0.0,1.0,24950,31350,0.2565130260521042,"13,14년"
249,제조업,LG생활건강,4.0,6.0,5.0,4.0,5.0,5.0,0.0,-1.0,0.0,551000,623000,0.1306715063520871,"13,14년"
250,제조업,LG이노텍,4.0,5.0,5.0,5.0,5.0,5.0,1.0,0.0,0.0,85700,84500,-0.014002333722287,"13,14년"
251,제조업,LG전자,4.0,5.0,5.0,4.0,5.0,6.0,0.0,0.0,1.0,68000,65300,-0.0397058823529411,"13,14년"
252,제조업,LG하우시스,4.0,5.0,5.0,4.0,5.0,5.0,0.0,0.0,0.0,128500,159500,0.2412451361867704,"13,14년"
253,제조업,LG화학,5.0,5.0,4.0,5.0,5.0,4.0,0.0,0.0,0.0,299500,200000,-0.332220367278798,"13,14년"
254,제조업,LS산전,4.0,4.0,4.0,4.0,4.0,4.0,0.0,0.0,0.0,66500,63100,-0.0511278195488721,"13,14년"
255,제조업,MH에탄올,2.0,2.5,2.5,3.0,2.5,2.5,1.0,0.0,0.0,3060,8900,1.908496732026144,"13,14년"
256,제조업,NI스틸,2.0,2.5,2.5,2.0,2.5,2.5,0.0,0.0,0.0,1805,2110,0.1689750692520775,"13,14년"
257,제조업,OCI,4.0,5.0,5.0,4.0,5.0,4.0,0.0,0.0,-1.0,192000,92000,-0.5208333333333334,"13,14년"
258,제조업,S&TC,3.0,2.5,2.5,3.0,2.5,2.5,0.0,0.0,0.0,18800,15550,-0.1728723404255319,"13,14년"
259,제조업,S&T모티브,3.0,2.5,2.5,3.0,2.5,2.5,0.0,0.0,0.0,30000,38750,0.2916666666666667,"13,14년"
260,제조업,S&T중공업,3.0,2.5,2.5,3.0,2.5,4.0,0.0,0.0,1.5,14200,8350,-0.4119718309859155,"13,14년"
261,제조업,S-Oil,5.0,6.0,6.0,6.0,5.0,6.0,1.0,-1.0,0.0,77500,40650,-0.4754838709677419,"13,14년"
262,제조업,SH에너지화학,2.0,2.5,2.5,2.0,2.5,2.5,0.0,0.0,0.0,886,1085,0.2246049661399548,"13,14년"
263,제조업,SIMPAC,2.0,2.5,2.5,3.0,2.5,2.5,1.0,0.0,0.0,6310,5900,-0.0649762282091917,"13,14년"
264,제조업,SKC,4.0,5.0,5.0,4.0,5.0,5.0,0.0,0.0,0.0,32200,27500,-0.1459627329192546,"13,14년"
265,제조업,SK하이닉스,4.0,6.0,5.0,3.0,5.0,4.0,-1.0,-1.0,-1.0,31950,47450,0.4851330203442879,"13,14년"
266,제조업,TCC동양,2.0,2.5,2.5,2.0,2.5,2.5,0.0,0.0,0.0,3650,3000,-0.1780821917808219,"13,14년"
267,제조업,WISCOM,3.0,2.5,2.5,3.0,2.5,2.5,0.0,0.0,0.0,4915,5840,0.1881993896236012,"13,14년"
268,제조업,가온전선,3.0,2.5,2.5,3.0,4.0,2.5,0.0,1.5,0.0,19550,26300,0.3452685421994885,"13,14년"
269,제조업,경농,2.0,2.5,4.0,2.0,2.5,2.5,0.0,0.0,-1.5,3905,4895,0.2535211267605634,"13,14년"
270,제조업,경동나비엔,2.0,2.5,2.5,2.0,2.5,2.5,0.0,0.0,0.0,18150,29050,0.6005509641873278,"13,14년"
271,제조업,경방,3.0,2.5,2.5,3.0,2.5,2.5,0.0,0.0,0.0,115500,191000,0.6536796536796536,"13,14년"
272,제조업,경인양행,3.0,2.5,2.5,3.0,2.5,2.5,0.0,0.0,0.0,4310,5100,0.1832946635730858,"13,14년"
273,제조업,경인전자,3.0,2.5,2.5,3.0,2.5,2.5,0.0,0.0,0.0,15600,20250,0.2980769230769231,"13,14년"
274,제조업,계양전기,3.0,4.0,2.5,3.0,2.5,2.5,0.0,-1.5,0.0,3270,3960,0.2110091743119266,"13,14년"
275,제조업,고려산업,2.0,2.5,2.5,3.0,2.5,2.5,1.0,0.0,0.0,1130,2380,1.106194690265487,"13,14년"
276,제조업,고려아연,3.0,2.5,4.0,4.0,2.5,4.0,1.0,0.0,0.0,310000,402500,0.2983870967741935,"13,14년"
277,제조업,고려제강,2.0,2.5,4.0,3.0,2.5,2.5,1.0,0.0,-1.5,36950,52100,0.4100135317997294,"13,14년"
278,제조업,광명전기,3.0,2.5,2.5,2.0,2.5,2.5,-1.0,0.0,0.0,2350,2395,0.0191489361702127,"13,14년"
279,제조업,광전자,3.0,2.5,2.5,3.0,2.5,2.5,0.0,0.0,0.0,2455,1605,-0.3462321792260692,"13,14년"
280,제조업,국도화학,3.0,2.5,4.0,2.0,2.5,4.0,-1.0,0.0,0.0,50600,41450,-0.1808300395256917,"13,14년"
281,제조업,극동유화,3.0,2.5,2.5,2.0,2.5,2.5,-1.0,0.0,0.0,23700,23850,0.0063291139240506,"13,14년"
283,제조업,금비,2.0,2.5,2.5,2.0,2.5,2.5,0.0,0.0,0.0,29250,34000,0.1623931623931624,"13,14년"
284,제조업,금양,3.0,2.5,2.5,3.0,2.5,2.5,0.0,0.0,0.0,1105,1485,0.3438914027149321,"13,14년"
285,제조업,금호전기,2.0,2.5,2.5,3.0,2.5,2.5,1.0,0.0,0.0,26250,17050,-0.3504761904761905,"13,14년"
286,제조업,금호타이어,3.0,2.5,4.0,4.0,4.0,5.0,1.0,1.5,1.0,12400,10700,-0.1370967741935483,"13,14년"
287,제조업,기신정기,4.0,2.5,2.5,4.0,2.5,2.5,0.0,0.0,0.0,8000,7430,-0.07125,"13,14년"
288,제조업,깨끗한나라,3.0,2.5,4.0,3.0,2.5,4.0,0.0,0.0,0.0,5190,5030,-0.0308285163776493,"13,14년"
289,제조업,남선알미늄,2.0,2.5,2.5,2.0,2.5,2.5,0.0,0.0,0.0,686,1150,0.6763848396501457,"13,14년"
290,제조업,남양유업,3.0,2.5,4.0,2.0,2.5,2.5,-1.0,0.0,-1.5,867000,686000,-0.2087658592848904,"13,14년"
291,제조업,남영비비안,2.0,2.5,2.5,3.0,2.5,2.5,1.0,0.0,0.0,6400,8270,0.2921875,"13,14년"
292,제조업,남해화학,2.0,2.5,4.0,3.0,2.5,4.0,1.0,0.0,0.0,7250,8440,0.1641379310344827,"13,14년"
293,제조업,넥센타이어,3.0,2.5,4.0,3.0,2.5,4.0,0.0,0.0,0.0,15900,13100,-0.1761006289308176,"13,14년"
294,제조업,넥솔론,4.0,2.5,2.5,4.0,2.5,2.5,0.0,0.0,0.0,1145,171,-0.8506550218340612,"13,14년"
295,제조업,노루페인트,2.0,2.5,4.0,3.0,2.5,4.0,1.0,0.0,0.0,5400,7060,0.3074074074074074,"13,14년"
296,제조업,농심,3.0,2.5,4.0,3.0,2.5,4.0,0.0,0.0,0.0,257000,267000,0.0389105058365758,"13,14년"
297,제조업,대덕GDS,3.0,2.5,4.0,3.0,2.5,4.0,0.0,0.0,0.0,19500,10600,-0.4564102564102564,"13,14년"
298,제조업,대덕전자,3.0,4.0,4.0,3.0,4.0,4.0,0.0,0.0,0.0,9350,9050,-0.0320855614973262,"13,14년"
299,제조업,대동공업,3.0,2.5,2.5,2.0,2.5,2.5,-1.0,0.0,0.0,6110,10350,0.6939443535188216,"13,14년"
300,제조업,대동전자,2.0,2.5,2.5,2.0,2.5,2.5,0.0,0.0,0.0,3200,4465,0.3953125,"13,14년"
301,제조업,대림통상,2.0,2.5,2.5,3.0,2.5,2.5,1.0,0.0,0.0,4025,4300,0.0683229813664596,"13,14년"
302,제조업,대상,2.0,2.5,4.0,2.0,2.5,2.5,0.0,0.0,-1.5,34700,41550,0.1974063400576368,"13,14년"
303,제조업,대양금속,1.0,2.5,2.5,2.0,2.5,2.5,1.0,0.0,0.0,1120,610,-0.4553571428571428,"13,14년"
304,제조업,대영포장,2.0,2.5,2.5,2.0,2.5,2.5,0.0,0.0,0.0,852,890,0.0446009389671361,"13,14년"
305,제조업,대우부품,2.0,2.5,2.5,2.0,2.5,2.5,0.0,0.0,0.0,1100,830,-0.2454545454545454,"13,14년"
306,제조업,대우조선해양,4.0,4.0,4.0,4.0,2.5,4.0,0.0,-1.5,0.0,33450,18300,-0.452914798206278,"13,14년"
307,제조업,대원강업,3.0,2.5,2.5,3.0,2.5,4.0,0.0,0.0,1.5,7510,6420,-0.1451398135818908,"13,14년"
308,제조업,대원전선,2.0,2.5,2.5,2.0,2.5,2.5,0.0,0.0,0.0,778,904,0.1619537275064267,"13,14년"
309,제조업,대원화성,2.0,2.5,2.5,3.0,2.5,4.0,1.0,0.0,1.5,1505,2270,0.5083056478405316,"13,14년"
310,제조업,대유에이텍,2.0,2.5,2.5,2.0,2.5,2.5,0.0,0.0,0.0,1130,1885,0.668141592920354,"13,14년"
311,제조업,대창,2.0,2.5,4.0,2.0,2.5,4.0,0.0,0.0,0.0,1060,801,-0.2443396226415094,"13,14년"
312,제조업,대창단조,3.0,2.5,2.5,3.0,2.5,2.5,0.0,0.0,0.0,48300,46450,-0.0383022774327122,"13,14년"
313,제조업,대한방직,3.0,2.5,2.5,3.0,2.5,2.5,0.0,0.0,0.0,20450,26250,0.2836185819070904,"13,14년"
314,제조업,대한유화,2.0,2.5,2.5,2.0,2.5,4.0,0.0,0.0,1.5,74500,78200,0.0496644295302013,"13,14년"
315,제조업,대한전선,2.0,2.5,4.0,2.0,2.5,4.0,0.0,0.0,0.0,2050,1960,-0.0439024390243902,"13,14년"
316,제조업,대한제강,3.0,2.5,4.0,3.0,2.5,4.0,0.0,0.0,0.0,6590,6210,-0.0576631259484066,"13,14년"
317,제조업,대한제당,3.0,2.5,2.5,3.0,2.5,2.5,0.0,0.0,0.0,28000,32150,0.1482142857142857,"13,14년"
318,제조업,대한제분,3.0,2.5,2.5,2.0,2.5,2.5,-1.0,0.0,0.0,143000,198000,0.3846153846153846,"13,14년"
319,제조업,대한화섬,2.0,2.5,2.5,3.0,2.5,2.5,1.0,0.0,0.0,59700,84300,0.4120603015075377,"13,14년"
320,제조업,대현,3.0,2.5,2.5,4.0,2.5,2.5,1.0,0.0,0.0,2410,3060,0.2697095435684647,"13,14년"
321,제조업,대호에이엘,2.0,2.5,2.5,2.0,2.5,4.0,0.0,0.0,1.5,3040,1210,-0.6019736842105263,"13,14년"
322,제조업,덕성,3.0,2.5,2.5,2.0,2.5,2.5,-1.0,0.0,0.0,3235,2570,-0.2055641421947449,"13,14년"
323,제조업,덕양산업,2.0,2.5,2.5,2.0,2.5,2.5,0.0,0.0,0.0,20000,3770,-0.8115,"13,14년"
324,제조업,동국실업,2.0,2.5,2.5,2.0,2.5,2.5,0.0,0.0,0.0,2905,2925,0.0068846815834767,"13,14년"
325,제조업,동국제강,4.0,2.5,4.0,4.0,2.5,4.0,0.0,0.0,0.0,14850,6360,-0.5717171717171717,"13,14년"
326,제조업,동남합성,2.0,2.5,2.5,2.0,2.5,2.5,0.0,0.0,0.0,33950,34500,0.01620029455081,"13,14년"
327,제조업,동방아그로,3.0,2.5,2.5,3.0,2.5,2.5,0.0,0.0,0.0,6400,6410,0.0015625,"13,14년"
328,제조업,동부제철,2.0,4.0,4.0,3.0,2.5,4.0,1.0,-1.5,0.0,2505,1725,-0.311377245508982,"13,14년"
329,제조업,동성화학,2.0,2.5,2.5,3.0,2.5,2.5,1.0,0.0,0.0,21200,16150,-0.2382075471698113,"13,14년"
330,제조업,동아에스텍,3.0,2.5,2.5,4.0,2.5,2.5,1.0,0.0,0.0,3335,4645,0.3928035982008995,"13,14년"
331,제조업,동양철관,2.0,2.5,2.5,2.0,2.5,2.5,0.0,0.0,0.0,1930,1200,-0.3782383419689119,"13,14년"
333,제조업,동원금속,2.0,2.5,2.5,2.0,2.5,2.5,0.0,0.0,0.0,1765,1870,0.0594900849858356,"13,14년"
335,제조업,동일방직,3.0,2.5,2.5,3.0,2.5,2.5,0.0,0.0,0.0,51300,92100,0.7953216374269005,"13,14년"
336,제조업,동일산업,3.0,2.5,2.5,3.0,2.5,4.0,0.0,0.0,1.5,52700,63200,0.1992409867172675,"13,14년"
337,제조업,동일제지,2.0,2.5,2.5,2.0,2.5,2.5,0.0,0.0,0.0,2610,2590,-0.0076628352490421,"13,14년"
338,제조업,두산엔진,5.0,5.0,4.0,5.0,5.0,4.0,0.0,0.0,0.0,9440,6150,-0.3485169491525424,"13,14년"
339,제조업,두산인프라코어,5.0,6.0,5.0,5.0,6.0,5.0,0.0,0.0,0.0,15200,10800,-0.2894736842105263,"13,14년"
340,제조업,두산중공업,5.0,6.0,6.0,5.0,5.0,5.0,0.0,-1.0,-1.0,43350,23450,-0.4590542099192618,"13,14년"
341,제조업,디씨엠,3.0,2.5,2.5,3.0,2.5,2.5,0.0,0.0,0.0,11650,15650,0.3433476394849785,"13,14년"
342,제조업,디아이,2.0,2.5,2.5,2.0,2.5,2.5,0.0,0.0,0.0,10000,7680,-0.232,"13,14년"
343,제조업,디아이씨,3.0,2.5,2.5,3.0,2.5,2.5,0.0,0.0,0.0,4865,6540,0.3442959917780062,"13,14년"
344,제조업,디피씨,3.0,2.5,2.5,3.0,2.5,2.5,0.0,0.0,0.0,3455,3735,0.0810419681620839,"13,14년"
345,제조업,락앤락,4.0,2.5,2.5,4.0,2.5,2.5,0.0,0.0,0.0,27650,11400,-0.5877034358047016,"13,14년"
346,제조업,롯데케미칼,4.0,5.0,5.0,4.0,5.0,6.0,0.0,0.0,1.0,217500,145000,-0.3333333333333333,"13,14년"
347,제조업,롯데푸드,2.0,2.5,4.0,2.0,2.5,4.0,0.0,0.0,0.0,655000,664000,0.0137404580152671,"13,14년"
348,제조업,마니커,1.0,2.5,2.5,2.0,2.5,2.5,1.0,0.0,0.0,699,576,-0.1759656652360515,"13,14년"
349,제조업,만호제강,3.0,2.5,2.5,3.0,2.5,2.5,0.0,0.0,0.0,15200,19350,0.2730263157894737,"13,14년"
350,제조업,모나리자,2.0,2.5,4.0,2.0,2.5,2.5,0.0,0.0,-1.5,2645,3170,0.1984877126654064,"13,14년"
351,제조업,모토닉,3.0,2.5,2.5,3.0,2.5,2.5,0.0,0.0,0.0,9530,13000,0.3641133263378804,"13,14년"
352,제조업,무림P&P,3.0,2.5,4.0,2.0,2.5,4.0,-1.0,0.0,0.0,6250,4930,-0.2112,"13,14년"
353,제조업,무림페이퍼,2.0,2.5,4.0,2.0,2.5,4.0,0.0,0.0,0.0,2395,2340,-0.022964509394572,"13,14년"
354,제조업,무학,3.0,2.5,2.5,4.0,2.5,2.5,1.0,0.0,0.0,19200,33800,0.7604166666666666,"13,14년"
355,제조업,문배철강,2.0,2.5,2.5,2.0,2.5,2.5,0.0,0.0,0.0,1860,1995,0.0725806451612903,"13,14년"
356,제조업,미래산업,3.0,2.5,2.5,3.0,2.5,2.5,0.0,0.0,0.0,358,157,-0.5614525139664804,"13,14년"
357,제조업,미원상사,3.0,2.5,2.5,2.0,2.5,2.5,-1.0,0.0,0.0,192000,166500,-0.1328125,"13,14년"
358,제조업,미원화학,2.0,2.5,2.5,2.0,2.5,2.5,0.0,0.0,0.0,33700,36250,0.0756676557863501,"13,14년"
359,제조업,방림,3.0,2.5,2.5,3.0,2.5,2.5,0.0,0.0,0.0,11500,22700,0.9739130434782608,"13,14년"
360,제조업,백광산업,2.0,2.5,4.0,3.0,2.5,4.0,1.0,0.0,0.0,3760,2925,-0.2220744680851064,"13,14년"
361,제조업,백광소재,2.0,2.5,2.5,2.0,2.5,2.5,0.0,0.0,0.0,21400,25500,0.1915887850467289,"13,14년"
362,제조업,백산,3.0,2.5,2.5,2.0,2.5,2.5,-1.0,0.0,0.0,5900,4550,-0.2288135593220339,"13,14년"
363,제조업,벽산,2.0,2.5,2.5,3.0,2.5,2.5,1.0,0.0,0.0,2590,6340,1.447876447876448,"13,14년"
364,제조업,보락,3.0,2.5,2.5,3.0,2.5,2.5,0.0,0.0,0.0,2800,3100,0.1071428571428571,"13,14년"
365,제조업,보해양조,1.0,2.5,2.5,2.0,2.5,2.5,1.0,0.0,0.0,733,1390,0.8963165075034106,"13,14년"
366,제조업,부국철강,3.0,2.5,2.5,2.0,2.5,2.5,-1.0,0.0,0.0,2075,2290,0.1036144578313253,"13,14년"
367,제조업,부산산업,3.0,2.5,2.5,3.0,2.5,2.5,0.0,0.0,0.0,17350,22550,0.2997118155619596,"13,14년"
368,제조업,부산주공,3.0,2.5,2.5,3.0,2.5,4.0,0.0,0.0,1.5,1405,2390,0.701067615658363,"13,14년"
369,제조업,빙그레,3.0,4.0,2.5,3.0,4.0,2.5,0.0,0.0,0.0,89500,82700,-0.0759776536312849,"13,14년"
370,제조업,사조해표,3.0,2.5,2.5,3.0,2.5,2.5,0.0,0.0,0.0,8100,18100,1.2345679012345678,"13,14년"
371,제조업,삼광글라스,2.0,2.5,2.5,3.0,2.5,2.5,1.0,0.0,0.0,53100,68700,0.2937853107344633,"13,14년"
372,제조업,삼성SDI,3.0,5.0,6.0,4.0,5.0,5.0,1.0,0.0,-1.0,177000,126000,-0.288135593220339,"13,14년"
373,제조업,삼성공조,3.0,2.5,2.5,3.0,2.5,2.5,0.0,0.0,0.0,8240,11600,0.4077669902912621,"13,14년"
374,제조업,삼성전기,5.0,6.0,6.0,5.0,6.0,6.0,0.0,0.0,0.0,81500,48700,-0.4024539877300613,"13,14년"
375,제조업,삼성전자,5.0,4.0,5.0,5.0,6.0,5.0,0.0,2.0,0.0,1465000,1244000,-0.1508532423208191,"13,14년"
376,제조업,삼성중공업,3.0,5.0,4.0,3.0,5.0,5.0,0.0,0.0,1.0,38950,26050,-0.331193838254172,"13,14년"
377,제조업,삼아알미늄,3.0,2.5,2.5,3.0,2.5,2.5,0.0,0.0,0.0,2770,2820,0.0180505415162454,"13,14년"
378,제조업,삼양사,3.0,4.0,4.0,3.0,4.0,4.0,0.0,0.0,0.0,44300,69400,0.5665914221218962,"13,14년"
379,제조업,삼양식품,2.0,2.5,2.5,2.0,2.5,2.5,0.0,0.0,0.0,24400,21950,-0.1004098360655737,"13,14년"
380,제조업,삼양엔텍,2.0,2.5,2.5,2.0,2.5,2.5,0.0,0.0,0.0,20500,28100,0.3707317073170731,"13,14년"
381,제조업,삼양제넥스,3.0,4.0,4.0,4.0,4.0,4.0,1.0,0.0,0.0,86100,126500,0.4692218350754936,"13,14년"
383,제조업,삼원강재,2.0,2.5,2.5,2.0,2.5,4.0,0.0,0.0,1.5,4125,4480,0.086060606060606,"13,14년"
384,제조업,삼익THK,3.0,2.5,2.5,2.0,2.5,2.5,-1.0,0.0,0.0,7910,9030,0.1415929203539823,"13,14년"
385,제조업,삼익악기,2.0,2.5,2.5,2.0,2.5,2.5,0.0,0.0,0.0,1825,4075,1.2328767123287672,"13,14년"
386,제조업,삼정펄프,3.0,2.5,2.5,3.0,2.5,2.5,0.0,0.0,0.0,50700,42150,-0.1686390532544378,"13,14년"
387,제조업,삼화왕관,2.0,2.5,2.5,2.0,2.5,2.5,0.0,0.0,0.0,27750,36600,0.3189189189189189,"13,14년"
388,제조업,삼화전기,3.0,2.5,2.5,3.0,2.5,4.0,0.0,0.0,1.5,6880,4245,-0.3829941860465116,"13,14년"
389,제조업,상신브레이크,3.0,2.5,2.5,3.0,2.5,2.5,0.0,0.0,0.0,6000,6840,0.14,"13,14년"
390,제조업,새론오토모티브,2.0,2.5,4.0,2.0,4.0,4.0,0.0,1.5,0.0,8110,10850,0.3378545006165228,"13,14년"
391,제조업,서원,3.0,2.5,2.5,3.0,2.5,2.5,0.0,0.0,0.0,1860,1495,-0.1962365591397849,"13,14년"
392,제조업,선도전기,2.0,2.5,2.5,3.0,2.5,2.5,1.0,0.0,0.0,2715,2470,-0.0902394106813996,"13,14년"
393,제조업,선진,2.0,2.5,2.5,2.0,2.5,2.5,0.0,0.0,0.0,21400,38000,0.7757009345794392,"13,14년"
394,제조업,선창산업,3.0,2.5,2.5,3.0,2.5,2.5,0.0,0.0,0.0,7000,8330,0.19,"13,14년"
395,제조업,성문전자,2.0,2.5,2.5,2.0,2.5,2.5,0.0,0.0,0.0,1830,1185,-0.3524590163934426,"13,14년"
396,제조업,성보화학,2.0,2.5,2.5,3.0,2.5,2.5,1.0,0.0,0.0,29100,44200,0.5189003436426117,"13,14년"
397,제조업,성신양회,4.0,2.5,4.0,4.0,2.5,4.0,0.0,0.0,0.0,5600,8210,0.4660714285714286,"13,14년"
398,제조업,성안,2.0,2.5,2.5,2.0,2.5,2.5,0.0,0.0,0.0,710,772,0.0873239436619718,"13,14년"
399,제조업,세방전지,3.0,2.5,4.0,3.0,2.5,4.0,0.0,0.0,0.0,49800,37150,-0.2540160642570281,"13,14년"
400,제조업,세아베스틸,3.0,2.5,4.0,3.0,2.5,2.5,0.0,0.0,-1.5,27750,31950,0.1513513513513513,"13,14년"
401,제조업,세아제강,3.0,2.5,4.0,3.0,2.5,4.0,0.0,0.0,0.0,90300,82800,-0.0830564784053156,"13,14년"
402,제조업,세아특수강,4.0,2.5,2.5,3.0,2.5,4.0,-1.0,0.0,1.5,26350,24400,-0.0740037950664136,"13,14년"
403,제조업,세원셀론텍,2.0,2.5,2.5,2.0,2.5,2.5,0.0,0.0,0.0,2945,2990,0.0152801358234295,"13,14년"
404,제조업,세원정공,2.0,2.5,2.5,3.0,2.5,2.5,1.0,0.0,0.0,25200,31400,0.246031746031746,"13,14년"
405,제조업,세종공업,3.0,2.5,2.5,3.0,2.5,2.5,0.0,0.0,0.0,16650,15000,-0.0990990990990991,"13,14년"
406,제조업,세하,2.0,2.5,2.5,3.0,2.5,2.5,1.0,0.0,0.0,744,360,-0.5161290322580645,"13,14년"
407,제조업,송원산업,2.0,2.5,4.0,3.0,2.5,4.0,1.0,0.0,0.0,11450,6210,-0.4576419213973799,"13,14년"
408,제조업,수산중공업,2.0,2.5,2.5,2.0,2.5,2.5,0.0,0.0,0.0,1330,1400,0.0526315789473684,"13,14년"
409,제조업,신대양제지,2.0,2.5,2.5,2.0,2.5,2.5,0.0,0.0,0.0,25000,38600,0.544,"13,14년"
410,제조업,신도리코,3.0,4.0,4.0,4.0,2.5,2.5,1.0,-1.5,-1.5,70000,70700,0.01,"13,14년"
411,제조업,신성에프에이,2.0,2.5,2.5,2.0,2.5,2.5,0.0,0.0,0.0,744,1130,0.5188172043010753,"13,14년"
412,제조업,신성이엔지,2.0,2.5,2.5,2.0,2.5,2.5,0.0,0.0,0.0,940,1420,0.5106382978723404,"13,14년"
413,제조업,신영와코루,2.0,2.5,2.5,2.0,2.5,2.5,0.0,0.0,0.0,100000,124000,0.24,"13,14년"
414,제조업,신원,3.0,2.5,2.5,3.0,2.5,2.5,0.0,0.0,0.0,1250,2850,1.28,"13,14년"
415,제조업,신풍제지,3.0,2.5,4.0,3.0,2.5,4.0,0.0,0.0,0.0,8100,7960,-0.0172839506172839,"13,14년"
416,제조업,신화실업,2.0,2.5,2.5,2.0,2.5,2.5,0.0,0.0,0.0,12100,12600,0.0413223140495867,"13,14년"
417,제조업,쌍방울,2.0,2.5,2.5,2.0,2.5,2.5,0.0,0.0,0.0,772,1080,0.3989637305699481,"13,14년"
418,제조업,써니전자,2.0,2.5,2.5,3.0,2.5,2.5,1.0,0.0,0.0,4060,2195,-0.45935960591133,"13,14년"
419,제조업,아남전자,3.0,2.5,2.5,2.0,2.5,2.5,-1.0,0.0,0.0,694,767,0.1051873198847262,"13,14년"
420,제조업,아모레퍼시픽,4.0,5.0,4.0,4.0,5.0,4.0,0.0,0.0,0.0,870000,2300000,1.6436781609195403,"13,14년"
421,제조업,아비스타,2.0,2.5,2.5,2.0,2.5,2.5,0.0,0.0,0.0,7460,7970,0.0683646112600536,"13,14년"
422,제조업,아세아제지,2.0,2.5,2.5,2.0,2.5,2.5,0.0,0.0,0.0,21450,29550,0.3776223776223776,"13,14년"
423,제조업,아이에스동서,2.0,2.5,2.5,3.0,2.5,2.5,1.0,0.0,0.0,16450,45750,1.7811550151975684,"13,14년"
425,제조업,에스엘,3.0,2.5,2.5,3.0,2.5,2.5,0.0,0.0,0.0,14800,19700,0.3310810810810811,"13,14년"
426,제조업,에이블씨엔씨,3.0,2.5,2.5,3.0,2.5,2.5,0.0,0.0,0.0,31200,22900,-0.266025641025641,"13,14년"
427,제조업,에이엔피,2.0,2.5,2.5,2.0,2.5,2.5,0.0,0.0,0.0,1125,1055,-0.0622222222222222,"13,14년"
428,제조업,엔케이,2.0,2.5,2.5,3.0,2.5,2.5,1.0,0.0,0.0,3705,4685,0.2645074224021592,"13,14년"
429,제조업,영보화학,2.0,2.5,2.5,2.0,2.5,2.5,0.0,0.0,0.0,3735,4185,0.1204819277108433,"13,14년"
430,제조업,영풍,2.0,2.5,4.0,2.0,2.5,4.0,0.0,0.0,0.0,1410000,1191000,-0.1553191489361702,"13,14년"
431,제조업,영풍제지,2.0,2.5,2.5,2.0,2.5,2.5,0.0,0.0,0.0,19000,20400,0.0736842105263157,"13,14년"
432,제조업,영화금속,2.0,2.5,2.5,2.0,2.5,2.5,0.0,0.0,0.0,1005,1055,0.0497512437810945,"13,14년"
433,제조업,영흥철강,3.0,2.5,2.5,3.0,2.5,2.5,0.0,0.0,0.0,2270,2020,-0.1101321585903083,"13,14년"
434,제조업,오뚜기,2.0,2.5,4.0,2.0,2.5,4.0,0.0,0.0,0.0,342500,567000,0.6554744525547446,"13,14년"
435,제조업,우성사료,3.0,2.5,2.5,3.0,2.5,2.5,0.0,0.0,0.0,2780,3070,0.1043165467625899,"13,14년"
436,제조업,우신시스템,3.0,2.5,2.5,2.0,2.5,2.5,-1.0,0.0,0.0,2895,2935,0.0138169257340241,"13,14년"
437,제조업,우진,4.0,2.5,2.5,3.0,2.5,2.5,-1.0,0.0,0.0,7910,8990,0.13653603034134,"13,14년"
438,제조업,우진플라임,2.0,2.5,2.5,3.0,2.5,2.5,1.0,0.0,0.0,6100,4445,-0.2713114754098361,"13,14년"
439,제조업,웅진에너지,3.0,2.5,4.0,3.0,2.5,5.0,0.0,0.0,1.0,2155,1405,-0.3480278422273782,"13,14년"
440,제조업,원림,2.0,2.5,2.5,2.0,2.5,2.5,0.0,0.0,0.0,14900,19100,0.2818791946308724,"13,14년"
441,제조업,유니드,3.0,2.5,2.5,3.0,2.5,2.5,0.0,0.0,0.0,66500,59500,-0.1052631578947368,"13,14년"
442,제조업,유니온,3.0,2.5,2.5,3.0,2.5,2.5,0.0,0.0,0.0,4540,3780,-0.1674008810572687,"13,14년"
443,제조업,유니온스틸,3.0,2.5,2.5,3.0,2.5,4.0,0.0,0.0,1.5,15450,11200,-0.2750809061488673,"13,14년"
444,제조업,유성기업,3.0,2.5,2.5,2.0,2.5,2.5,-1.0,0.0,0.0,5070,6610,0.3037475345167653,"13,14년"
445,제조업,유양디앤유,3.0,2.5,2.5,3.0,2.5,2.5,0.0,0.0,0.0,660,1185,0.7954545454545454,"13,14년"
446,제조업,율촌화학,3.0,2.5,2.5,3.0,2.5,2.5,0.0,0.0,0.0,12450,13550,0.0883534136546184,"13,14년"
447,제조업,이건산업,2.0,2.5,2.5,3.0,2.5,2.5,1.0,0.0,0.0,12900,16350,0.2674418604651162,"13,14년"
448,제조업,이구산업,3.0,2.5,2.5,3.0,2.5,4.0,0.0,0.0,1.5,1305,1150,-0.1187739463601532,"13,14년"
449,제조업,이수페타시스,2.0,2.5,2.5,2.0,2.5,4.0,0.0,0.0,1.5,7050,4300,-0.3900709219858156,"13,14년"
450,제조업,이수화학,2.0,4.0,4.0,2.0,2.5,4.0,0.0,-1.5,0.0,16500,10300,-0.3757575757575757,"13,14년"
451,제조업,인디에프,2.0,2.5,2.5,3.0,2.5,2.5,1.0,0.0,0.0,909,1280,0.4081408140814081,"13,14년"
452,제조업,인지컨트롤스,2.0,2.5,2.5,2.0,2.5,2.5,0.0,0.0,0.0,5290,5060,-0.0434782608695652,"13,14년"
453,제조업,인팩,2.0,2.5,2.5,2.0,2.5,2.5,0.0,0.0,0.0,5640,7690,0.3634751773049645,"13,14년"
454,제조업,일신방직,4.0,2.5,2.5,4.0,2.5,2.5,0.0,0.0,0.0,110500,195000,0.7647058823529411,"13,14년"
455,제조업,일정실업,3.0,2.5,2.5,3.0,2.5,2.5,0.0,0.0,0.0,23800,24750,0.0399159663865546,"13,14년"
456,제조업,일진다이아,3.0,2.5,2.5,2.0,2.5,2.5,-1.0,0.0,0.0,7860,5810,-0.2608142493638677,"13,14년"
457,제조업,일진디스플,2.0,2.5,2.5,2.0,2.5,2.5,0.0,0.0,0.0,15000,7150,-0.5233333333333333,"13,14년"
458,제조업,일진머티리얼즈,2.0,2.5,2.5,3.0,2.5,4.0,1.0,0.0,1.5,12200,7850,-0.3565573770491803,"13,14년"
459,제조업,일진전기,2.0,2.5,2.5,2.0,2.5,2.5,0.0,0.0,0.0,6140,7970,0.2980456026058632,"13,14년"
460,제조업,자화전자,2.0,2.5,2.5,3.0,2.5,4.0,1.0,0.0,1.5,21100,11200,-0.4691943127962085,"13,14년"
461,제조업,전방,3.0,2.5,2.5,3.0,2.5,2.5,0.0,0.0,0.0,29050,37550,0.2925989672977624,"13,14년"
462,제조업,제일연마,3.0,2.5,2.5,3.0,2.5,2.5,0.0,0.0,0.0,6320,7980,0.2626582278481013,"13,14년"
463,제조업,조광페인트,2.0,2.5,2.5,2.0,2.5,2.5,0.0,0.0,0.0,7390,8600,0.1637347767253044,"13,14년"
465,제조업,조비,1.0,2.5,2.5,2.0,2.5,2.5,1.0,0.0,0.0,11650,11200,-0.03862660944206,"13,14년"
466,제조업,조선내화,3.0,4.0,2.5,3.0,2.5,2.5,0.0,-1.5,0.0,78800,133000,0.6878172588832487,"13,14년"
467,제조업,조선선재,2.0,2.5,2.5,2.0,2.5,2.5,0.0,0.0,0.0,41100,65000,0.5815085158150851,"13,14년"
468,제조업,조일알미늄,3.0,2.5,4.0,3.0,2.5,2.5,0.0,0.0,-1.5,1065,1085,0.0187793427230046,"13,14년"
469,제조업,조흥,2.0,2.5,2.5,3.0,2.5,2.5,1.0,0.0,0.0,87900,103500,0.1774744027303754,"13,14년"
470,제조업,주연테크,2.0,2.5,2.5,2.0,2.5,2.5,0.0,0.0,0.0,625,563,-0.0992,"13,14년"
471,제조업,지코,3.0,2.5,2.5,3.0,2.5,2.5,0.0,0.0,0.0,561,520,-0.0730837789661319,"13,14년"
472,제조업,진양산업,2.0,2.5,2.5,2.0,2.5,2.5,0.0,0.0,0.0,2420,2975,0.2293388429752066,"13,14년"
473,제조업,진양화학,3.0,2.5,2.5,3.0,2.5,2.5,0.0,0.0,0.0,2135,4295,1.0117096018735363,"13,14년"
474,제조업,참엔지니어링,3.0,2.5,2.5,3.0,2.5,2.5,0.0,0.0,0.0,2365,1360,-0.4249471458773784,"13,14년"
475,제조업,청호컴넷,2.0,2.5,2.5,2.0,2.5,2.5,0.0,0.0,0.0,3935,2980,-0.2426937738246505,"13,14년"
476,제조업,체시스,2.0,2.5,2.5,2.0,2.5,2.5,0.0,0.0,0.0,2000,896,-0.552,"13,14년"
477,제조업,카프로,3.0,2.5,4.0,2.0,2.5,4.0,-1.0,0.0,0.0,7770,2815,-0.6377091377091377,"13,14년"
478,제조업,코리아써키트,2.0,2.5,2.5,3.0,2.5,4.0,1.0,0.0,1.5,13500,7920,-0.4133333333333333,"13,14년"
479,제조업,코스모신소재,2.0,2.5,2.5,3.0,4.0,4.0,1.0,1.5,1.5,5310,3285,-0.3813559322033898,"13,14년"
480,제조업,코스모화학,3.0,2.5,4.0,3.0,2.5,4.0,0.0,0.0,0.0,9660,5090,-0.4730848861283644,"13,14년"
481,제조업,코아스,3.0,2.5,2.5,3.0,2.5,2.5,0.0,0.0,0.0,1335,1695,0.2696629213483146,"13,14년"
482,제조업,코오롱인더,4.0,2.5,4.0,4.0,2.5,4.0,0.0,0.0,0.0,59300,54500,-0.0809443507588532,"13,14년"
483,제조업,코오롱플라스틱,4.0,4.0,4.0,4.0,4.0,4.0,0.0,0.0,0.0,5090,5780,0.1355599214145383,"13,14년"
484,제조업,태경산업,3.0,2.5,2.5,2.0,2.5,2.5,-1.0,0.0,0.0,4690,5780,0.232409381663113,"13,14년"
485,제조업,태경화학,2.0,2.5,2.5,2.0,2.5,2.5,0.0,0.0,0.0,4925,5840,0.1857868020304568,"13,14년"
486,제조업,태광산업,1.0,2.5,2.5,2.0,2.5,2.5,1.0,0.0,0.0,1310000,1250000,-0.0458015267175572,"13,14년"
487,제조업,태림포장,2.0,2.5,2.5,2.0,2.5,2.5,0.0,0.0,0.0,2600,2445,-0.0596153846153846,"13,14년"
488,제조업,태원물산,3.0,2.5,2.5,2.0,2.5,2.5,-1.0,0.0,0.0,2440,2340,-0.040983606557377,"13,14년"
489,제조업,태평양물산,3.0,2.5,2.5,3.0,2.5,2.5,0.0,0.0,0.0,3110,6480,1.0836012861736335,"13,14년"
490,제조업,티에이치엔,2.0,2.5,2.5,2.0,2.5,2.5,0.0,0.0,0.0,1530,1500,-0.0196078431372549,"13,14년"
491,제조업,티웨이홀딩스,1.0,2.5,2.5,2.0,2.5,2.5,1.0,0.0,0.0,2700,4885,0.8092592592592592,"13,14년"
492,제조업,팀스,3.0,2.5,2.5,2.0,2.5,2.5,-1.0,0.0,0.0,11400,12200,0.0701754385964912,"13,14년"
493,제조업,팜스코,2.0,2.5,2.5,2.0,2.5,2.5,0.0,0.0,0.0,6370,16750,1.629513343799058,"13,14년"
494,제조업,퍼스텍,3.0,2.5,2.5,3.0,2.5,2.5,0.0,0.0,0.0,1850,2005,0.0837837837837837,"13,14년"
495,제조업,퍼시스,3.0,2.5,4.0,3.0,2.5,4.0,0.0,0.0,0.0,31300,32150,0.0271565495207667,"13,14년"
496,제조업,페이퍼코리아,2.0,2.5,2.5,2.0,2.5,2.5,0.0,0.0,0.0,802,759,-0.0536159600997506,"13,14년"
497,제조업,평화산업,3.0,2.5,2.5,3.0,2.5,2.5,0.0,0.0,0.0,1640,1240,-0.2439024390243902,"13,14년"
498,제조업,포스코강판,3.0,4.0,4.0,3.0,2.5,4.0,0.0,-1.5,0.0,14000,13800,-0.0142857142857142,"13,14년"
499,제조업,포스코플랜텍,2.0,4.0,4.0,2.0,5.0,2.5,0.0,1.0,-1.5,9250,2800,-0.6972972972972973,"13,14년"
500,제조업,풍산,4.0,2.5,4.0,4.0,2.5,4.0,0.0,0.0,0.0,29500,26450,-0.1033898305084745,"13,14년"
501,제조업,필룩스,3.0,2.5,2.5,3.0,2.5,2.5,0.0,0.0,0.0,1535,2010,0.3094462540716612,"13,14년"
502,제조업,하이스틸,3.0,2.5,2.5,3.0,2.5,2.5,0.0,0.0,0.0,27800,16550,-0.4046762589928057,"13,14년"
503,제조업,하이트진로,3.0,4.0,4.0,4.0,2.5,4.0,1.0,-1.5,0.0,26050,26450,0.0153550863723608,"13,14년"
504,제조업,한국내화,3.0,2.5,2.5,2.0,2.5,2.5,-1.0,0.0,0.0,3360,3175,-0.0550595238095238,"13,14년"
505,제조업,한국쉘석유,4.0,4.0,4.0,4.0,4.0,4.0,0.0,0.0,0.0,526000,489000,-0.0703422053231939,"13,14년"
506,제조업,한국제지,3.0,2.5,4.0,3.0,2.5,4.0,0.0,0.0,0.0,23700,31000,0.3080168776371308,"13,14년"
507,제조업,한국주강,2.0,2.5,2.5,2.0,2.5,2.5,0.0,0.0,0.0,3960,2975,-0.2487373737373737,"13,14년"
508,제조업,한국철강,4.0,2.5,4.0,4.0,2.5,4.0,0.0,0.0,0.0,28400,33150,0.1672535211267605,"13,14년"
509,제조업,한국카본,3.0,2.5,2.5,3.0,2.5,2.5,0.0,0.0,0.0,8910,6140,-0.3108866442199775,"13,14년"
510,제조업,한국타이어월드와이드,4.0,5.0,5.0,4.0,5.0,4.0,0.0,0.0,-1.0,26150,21700,-0.1701720841300191,"13,14년"
511,제조업,한국특수형강,3.0,2.5,2.5,3.0,2.5,2.5,0.0,0.0,0.0,35650,25100,-0.2959326788218794,"13,14년"
512,제조업,한국항공우주,4.0,4.0,2.5,4.0,2.5,4.0,0.0,-1.5,1.5,28000,41300,0.475,"13,14년"
513,제조업,한국화장품제조,2.0,2.5,2.5,3.0,2.5,2.5,1.0,0.0,0.0,3390,8530,1.5162241887905603,"13,14년"
514,제조업,한농화성,3.0,2.5,2.5,3.0,2.5,2.5,0.0,0.0,0.0,4790,3760,-0.2150313152400835,"13,14년"
515,제조업,한미반도체,4.0,2.5,2.5,3.0,2.5,2.5,-1.0,0.0,0.0,12550,15900,0.2669322709163346,"13,14년"
516,제조업,한섬,3.0,2.5,2.5,3.0,2.5,2.5,0.0,0.0,0.0,30400,32100,0.0559210526315789,"13,14년"
517,제조업,한성기업,2.0,2.5,2.5,2.0,2.5,2.5,0.0,0.0,0.0,6770,6850,0.0118168389955686,"13,14년"
518,제조업,한세실업,3.0,2.5,2.5,4.0,2.5,2.5,1.0,0.0,0.0,16950,36600,1.15929203539823,"13,14년"
519,제조업,한솔아트원제지,2.0,2.5,2.5,2.0,2.5,4.0,0.0,0.0,1.5,2170,1400,-0.3548387096774194,"13,14년"
520,제조업,한솔케미칼,2.0,2.5,4.0,4.0,2.5,4.0,2.0,0.0,0.0,27300,34300,0.2564102564102564,"13,14년"
521,제조업,한솔테크닉스,3.0,2.5,2.5,3.0,2.5,2.5,0.0,0.0,0.0,19000,11750,-0.3815789473684211,"13,14년"
522,제조업,한솔홈데코,2.0,2.5,4.0,2.0,2.5,4.0,0.0,0.0,0.0,1735,2005,0.1556195965417867,"13,14년"
523,제조업,한일시멘트,3.0,2.5,4.0,3.0,2.5,4.0,0.0,0.0,0.0,83600,137500,0.6447368421052632,"13,14년"
524,제조업,한일철강,2.0,2.5,2.5,2.0,2.5,2.5,0.0,0.0,0.0,13700,17500,0.2773722627737226,"13,14년"
525,제조업,한진중공업,3.0,2.5,2.5,3.0,2.5,4.0,0.0,0.0,1.5,12300,4325,-0.6483739837398373,"13,14년"
526,제조업,한창제지,3.0,2.5,2.5,3.0,2.5,2.5,0.0,0.0,0.0,701,688,-0.0185449358059914,"13,14년"
527,제조업,한화,1.0,2.5,4.0,4.0,5.0,4.0,3.0,2.5,0.0,40150,27400,-0.3175591531755915,"13,14년"
528,제조업,한화케미칼,3.0,5.0,4.0,3.0,5.0,4.0,0.0,0.0,0.0,23300,12150,-0.4785407725321888,"13,14년"
529,제조업,현대EP,2.0,2.5,2.5,2.0,2.5,2.5,0.0,0.0,0.0,6800,7640,0.1235294117647058,"13,14년"
530,제조업,현대모비스,4.0,4.0,4.0,4.0,5.0,5.0,0.0,1.0,1.0,299500,250000,-0.1652754590984975,"13,14년"
531,제조업,현대미포조선,4.0,5.0,5.0,4.0,5.0,5.0,0.0,0.0,0.0,169000,75900,-0.5508875739644971,"13,14년"
532,제조업,현대비앤지스틸,2.0,2.5,2.5,2.0,2.5,4.0,0.0,0.0,1.5,13900,17350,0.2482014388489208,"13,14년"
533,제조업,현대위아,3.0,4.0,4.0,3.0,4.0,4.0,0.0,0.0,0.0,183000,184500,0.0081967213114754,"13,14년"
534,제조업,현대제철,4.0,4.0,4.0,4.0,5.0,4.0,0.0,1.0,0.0,87500,68100,-0.2217142857142857,"13,14년"
535,제조업,현대중공업,4.0,5.0,5.0,5.0,4.0,5.0,1.0,-1.0,0.0,253500,99200,-0.6086785009861932,"13,14년"
536,제조업,현대하이스코,4.0,4.0,4.0,4.0,2.5,4.0,0.0,-1.5,0.0,42100,69600,0.6532066508313539,"13,14년"
537,제조업,화승알앤에이,2.0,2.5,4.0,2.0,2.5,4.0,0.0,0.0,0.0,18650,31100,0.6675603217158177,"13,14년"
538,제조업,화신,2.0,2.5,2.5,3.0,2.5,2.5,1.0,0.0,0.0,12800,8680,-0.321875,"13,14년"
539,제조업,화천기계,3.0,2.5,2.5,3.0,2.5,2.5,0.0,0.0,0.0,29050,32750,0.1273666092943201,"13,14년"
540,제조업,화천기공,3.0,2.5,2.5,3.0,2.5,2.5,0.0,0.0,0.0,51700,68800,0.3307543520309478,"13,14년"
541,제조업,황금에스티,3.0,2.5,2.5,3.0,2.5,2.5,0.0,0.0,0.0,3925,5120,0.3044585987261146,"13,14년"
542,제조업,효성,4.0,4.0,4.0,3.0,4.0,2.5,-1.0,0.0,-1.5,71600,63500,-0.1131284916201117,"13,14년"
543,제조업,후성,2.0,2.5,2.5,2.0,2.5,2.5,0.0,0.0,0.0,4010,2495,-0.3778054862842893,"13,14년"
544,제조업,휴스틸,3.0,2.5,2.5,3.0,2.5,4.0,0.0,0.0,1.5,19400,16650,-0.1417525773195876,"13,14년"
545,제조업,휴켐스,3.0,4.0,4.0,3.0,4.0,4.0,0.0,0.0,0.0,23900,23250,-0.0271966527196652,"13,14년"
