회사명,거래소코드,회계년도,[공통]자산(*)(IFRS),[공통]부채비율(IFRS),[공통]자기자본구성비율(IFRS),[공통]매출액증가율(IFRS),[공통]영업활동으로 인한 현금흐름(간접법)(*)(IFRS),[공통]PBR(최고)(IFRS),[공통]PBR(최저)(IFRS),[공통]매출액(영업수익)(*),[공통]평균배당률(IFRS)
(주)BNK금융지주,138930,2012/12,3403623051,24.19,80.52,0,80796302,1.07,0.76,115745769,6.6
(주)DB하이텍,000990,2012/12,1149069244,318.52,23.89,9.28,68047966,2.49,1.35,583901597,0
(주)HJ중공업,097230,2012/12,5938108000,218.65,31.38,-14.48,-227250000,0.62,0.28,1980761000,0
(주)KB금융지주,105560,2012/12,18390028000,1.69,98.34,2470.25,662904000,0.97,0.7,693943000,12
(주)MH에탄올,023150,2012/12,139200817,137.09,42.18,5.28,2788992,0.71,0.31,45488675,0
(주)SH에너지화학,002360,2012/12,102492810,57.95,63.31,11.09,363577,2.74,0.54,191907628,0
(주)SIMPAC,009160,2012/12,307366684,72.84,57.86,4.67,12986618,1.37,0.77,223854758,18.58
(주)SNT에너지,100840,2012/12,292802033,59.73,62.6,18.12,26635237,0.97,0.56,230707564,40
(주)SNT홀딩스,036530,2012/12,388964716,0.09,99.91,286.13,8670824,0.56,0.34,8718270,75.84
(주)STX,011810,2012/12,3226878000,187.21,34.82,-1.36,159192000,0.94,0.41,4116767000,4.83
(주)TCC스틸,002710,2012/12,438642951,109.12,47.82,-3.58,10878979,0.49,0.35,440568155,16.93
(주)강원랜드,035250,2012/12,2915385756,22.33,81.74,2.31,458412852,3.06,2.14,1292896121,143.09
(주)갤럭시아에스엠,011420,2012/12,40169876,59.7,62.62,17.12,2596523,3.12,1.48,37398255,0
(주)경농,002100,2012/12,203467698,34.3,74.46,8.53,12031973,0.53,0.41,131021366,11.95
(주)경동나비엔,009450,2012/12,254627468,67.3,59.77,7.25,22554949,1.17,0.48,341339118,9.91
(주)경동인베스트,012320,2012/12,1168400020,149.17,40.13,33.09,154970428,0.62,0.4,2403814656,24.99
(주)경방,000050,2012/12,1301719900,94.36,51.45,-3.75,27341666,0.43,0.26,265409209,0
(주)경인양행,012610,2012/12,241045608,48.69,67.25,9.79,14914670,1.05,0.54,141304459,9.58
(주)광명전기,017040,2012/12,104218586,89.02,52.9,36.83,1183806,3.83,1.84,79318302,0
(주)광주신세계,037710,2012/12,430662968,19.09,83.97,-2.65,56319963,1.09,0.75,213803173,25
(주)국동,005320,2012/12,35813125,1190.51,7.75,-8.56,2881390,3.8,1.52,91524436,0
(주)국보,001140,2012/12,93953021,196.8,33.69,-7.71,-3331024,1.12,0.48,109183947,0.98
(주)금비,008870,2012/09,131454531,72.32,58.03,-8.08,130614,0.68,0.42,83296660,9.94
(주)금양,001570,2012/12,127197484,181.03,35.58,7.29,3020423,1.51,0.71,108275608,5.98
(주)까뮤이앤씨,013700,2012/12,203481478,399.18,20.03,1.03,3105839,0.4,0.19,90976586,0
(주)나이스홀딩스,034310,2012/12,326573175,3.25,96.85,16.39,16095924,0.76,0.53,32479387,25.19
(주)남선알미늄,008350,2012/12,236720122,285.96,25.91,2.03,-3855861,1.65,0.66,308547177,0
(주)남성,004270,2012/12,189440992,132.89,42.94,0.73,-4199539,0.42,0.31,55616541,2.9
(주)넥센,005720,2012/12,553189087,36.07,73.49,-8.79,31717846,1.12,0.63,218800500,8.04
(주)노루페인트,090350,2012/12,511877762,134.05,42.73,7.82,-6315034,0.95,0.28,388476033,40.02
(주)노루홀딩스,000320,2012/12,264856913,34.94,74.1,4.75,6996088,0.73,0.46,25779927,42.92
(주)녹십자,006280,2012/12,904287417,34.1,74.57,2.39,49808775,2.81,1.82,715596640,24.95
(주)녹십자홀딩스,005250,2012/12,699470921,29.71,77.1,-9.32,2091107,1.7,1.14,30842528,75.02
(주)농심,004370,2012/12,2075419644,44.02,69.43,-0.6,27987328,1.29,0.88,1958917740,76.05
(주)농심홀딩스,072710,2012/12,570463412,11.02,90.08,0.93,14241318,0.6,0.46,19995280,40
(주)다우기술,023590,2012/12,652777396,44.23,69.33,19.61,22369981,1.82,1.03,200446345,25.07
(주)대교,019680,2012/12,791840254,25.09,79.94,-5.74,41035476,1.37,1.01,771528017,18.08
(주)대구백화점,006370,2012/03,497635407,25.85,79.46,-2.94,3620650,0.49,0.29,173901618,6.67
(주)대덕,008060,2012/12,542695146,27.36,78.52,14.53,99624958,1.55,1.06,750970215,51.21
(주)대동,000490,2012/12,456743836,114.68,46.58,-5.83,23467393,0.93,0.41,473786013,4.37
(주)대양금속,009190,2012/12,104782647,515.16,16.26,-31.63,10911868,4.26,0.38,99832132,0
(주)대우건설,047040,2012/12,9357599738,175.57,36.29,16.33,-1210053585,1.51,1,8180269589,0
(주)대웅,003090,2012/12,303932331,6.07,94.28,-2.59,15864254,0.98,0.58,44303202,15.94
(주)대웅제약,069620,2012/12,477119010,24.07,80.6,-5.94,45346634,1.65,0.66,664648217,28.41
(주)대유에이텍,002880,2012/12,277360120,213.52,31.9,3.06,44824936,3.19,1.26,415218564,6
(주)대유플러스,000300,2012/12,243422865,141.79,41.36,11.64,-10119647,3.31,0.98,301224599,0
(주)대창,012800,2012/12,467913418,147.95,40.33,-10.27,18630694,0.89,0.5,760552549,5.34
(주)대한항공,003490,2012/12,20678036299,771.14,11.48,3.88,2065535825,2.08,1.49,12263866637,0
(주)대현,016090,2012/12,198840460,98.99,50.25,10.54,8191451,0.85,0.48,216891532,2.63
(주)대호에이엘,069460,2012/12,126523794,181.03,35.58,-21.6,6639767,2.27,1.12,134927509,0
(주)더메디팜,118000,2012/12,30389424,35.64,73.72,-35.11,1493407,16.73,2.4,22314788,0
(주)더존비즈온,012510,2012/12,193006584,119.76,45.51,9.43,19150945,5.64,2.83,122977105,36.7
(주)덕성,004830,2012/12,92392977,56,64.1,-1.15,3823815,1.08,0.52,79107828,8.24
(주)도화엔지니어링,002150,2012/12,346747778,60.11,62.46,0.22,-28340280,1.14,0.7,282716150,30
(주)동남합성,023450,2012/12,54686376,14.38,87.43,3.65,4367698,2.35,0.88,61964194,0
(주)동방,004140,2012/12,555093358,287.58,25.8,2.59,-2540181,1.31,0.41,485103227,2.38
(주)동방아그로,007590,2012/12,151813628,33.86,74.71,1.25,1548510,0.95,0.77,105441229,32.88
(주)동성케미컬,102260,2012/12,189743529,30.1,76.86,-8.13,-571408,1.32,0.65,11085455,10
(주)동아지질,028100,2012/12,225113684,67.34,59.76,9.99,35039018,1.13,0.75,277031753,34.39
(주)동양,001520,2012/12,1744452583,589.31,14.51,19.82,-32016073,1.8,0.66,1050903621,0
(주)동양고속,084670,2012/12,201016268,87.05,53.46,2.06,14326563,0.62,0.43,115450487,25
(주)동원에프앤비,049770,2012/12,755773972,97,50.76,8.38,29216253,0.82,0.6,1191223606,30
(주)두산,000150,2012/12,3090083028,61.08,62.08,-4.61,207441940,2.69,1.78,1841080714,48
(주)디비아이엔씨,012030,2012/12,671558435,141.36,41.43,6.68,-33526667,0.77,0.31,545150378,1.89
(주)디아이,003160,2012/12,149804529,40.71,71.07,-28.07,-3752509,4.04,0.38,32555358,0
(주)디아이씨,092200,2012/12,424232003,203.72,32.93,2.71,-11967592,1.19,0.59,332305763,10
(주)디알비동일,004840,2012/12,223432593,80.39,55.44,-57.99,21042054,1.81,0.83,142337360,10.84
(주)디엔오토모티브,007340,2012/12,576754932,19.37,83.78,8.72,52625712,0.82,0.52,410243496,13.07
(주)디지비금융지주,139130,2012/12,2527097957,17.49,85.11,0,-235091463,1.11,0.77,72314728,6.6
(주)락앤락,115390,2012/12,645153134,24.95,80.03,-20.26,20528320,4.18,2.18,171024165,15.83
(주)마니커,027740,2012/12,227524009,184.53,35.15,-7.16,-275867,0.93,0.39,290691836,0
(주)메리츠금융지주,138040,2012/03,780457645,38.55,72.18,0,7474556,1.34,0.39,20542154,0
(주)메타랩스,090370,2012/12,145398780,173.82,36.52,-6.3,-3616438,1.6,0.83,121930756,5.89
(주)모나리자,012690,2012/12,63959812,30.97,76.36,8.91,8257512,5.03,1.97,132796075,0
(주)모나미,005360,2012/12,169875598,204.53,32.84,-8.59,8832929,2.44,0.63,184847316,5
(주)모토닉,009680,2012/12,388016191,13.14,88.39,-2,20779097,1.35,0.66,232982933,34.46
(주)무학,033920,2012/12,376629191,27.54,78.41,7.97,34908892,1.32,0.9,211279950,26.31
(주)미래아이앤지,007120,2012/12,36577462,46.81,68.11,35.05,-206442,4.64,0.55,29093225,0
(주)방림,003610,2012/09,255099137,36.45,73.29,-24.45,30296898,0.38,0.22,173738959,5.56
(주)백산,035150,2012/12,151758463,75.78,56.89,10.98,12187055,1.35,0.61,161779184,10.11
(주)벽산,007210,2012/12,283594374,73.96,57.49,-3.13,18849412,11.3,0.82,244893406,5.43
(주)보락,002760,2012/12,49422088,28.3,77.94,24.24,3794668,1.24,0.78,31403501,4
(주)보령,003850,2012/12,273006171,87.26,53.4,1.32,18378731,1.48,0.65,312075037,5.79
(주)비비안,002070,2012/12,209548271,39.07,71.9,3.9,-4118855,0.41,0.32,195409773,23.89
(주)비상교육,100220,2012/12,202050130,40.89,70.98,6.77,19665431,1.91,0.7,119402756,21.29
(주)비와이씨,001460,2012/12,502208011,49.13,67.05,8.25,27616849,0.54,0.36,218764182,17.14
(주)빙그레,005180,2012/12,542967569,24.43,80.36,9.5,66719181,3.15,1.28,789102353,24.88
(주)사조대림,003960,2012/12,280913730,110.09,47.6,1.87,1204529,0.84,0.57,378399029,0
(주)사조오양,006090,2012/12,174208895,141.95,41.33,-7.38,4724980,0.99,0.58,127186238,0
(주)삼성출판사,068290,2012/12,75750206,14.57,87.28,2.5,3586311,1.36,0.57,57794033,19.8
(주)삼양사,145990,2012/12,799572399,95.01,51.28,0,2307218,0.67,0.45,1312354919,9.52
(주)삼양홀딩스,000070,2012/12,1061522053,21.66,82.2,-28.79,3335763,0.74,0.39,349865452,26.75
(주)삼영,003720,2012/12,175552277,28.86,77.6,-22.37,18379374,1.62,0.78,171003495,10
(주)삼원강재,023000,2012/12,205818260,37.1,72.94,0.71,13899895,1.76,1.05,349449644,22
(주)삼익악기,002450,2012/12,248097518,72.19,58.07,-3.65,1576359,1.1,0.59,103271266,0
(주)삼천리,004690,2012/12,2590523806,124.3,44.58,13.96,382754138,0.51,0.31,3352643333,52.73
(주)상상인증권,001290,2012/03,902060958,358.42,21.81,-56.53,-133736701,0.57,0.28,84265130,5.6
(주)서연,007860,2012/12,678074331,84.51,54.2,14.57,46000261,1.24,0.68,793344233,25.81
(주)서원,021050,2012/12,256938509,140.56,41.57,-16.61,21513808,1.25,0.7,347353536,9.75
(주)서흥,008490,2012/12,375282780,129.48,43.58,7.69,918689,1.52,0.83,153891470,27.9
(주)선앤엘,002820,2012/12,385586773,42.09,70.38,-5.61,18684120,0.36,0.23,241687837,9.14
(주)선진,136490,2012/12,269676642,132.06,43.09,0,-20520242,1.06,0.48,435504533,20
(주)성안,011300,2012/12,126655835,69.84,58.88,-1.01,893564,1.5,0.56,86348625,0
(주)세아베스틸지주,001430,2012/12,2159086176,59.97,62.51,-11.7,144435468,1.5,0.63,2194080927,14.61
(주)세아제강지주,003030,2012/12,1682525725,73.58,57.61,11.76,126306446,0.79,0.41,1912943848,29.07
(주)세아특수강,019440,2012/12,434310725,109.6,47.71,2.24,11435412,1.37,0.79,649614468,11.72
(주)세아홀딩스,058650,2012/12,1060446658,22.89,81.37,37.84,29616265,0.67,0.37,60606911,30.82
(주)세우글로벌,013000,2012/12,40991889,8.53,92.14,14.73,986503,1.65,0.42,34979332,0
(주)세원정공,021820,2012/06,218464800,29.27,77.36,-6.5,18002167,7.49,0.63,60921571,20
(주)세이브존아이앤씨,067830,2012/12,507092089,87.62,53.3,3.71,11761348,0.51,0.34,173339378,2.76
(주)수산중공업,017550,2012/12,117183994,49.84,66.74,12.33,7470808,1.5,1.01,131601743,4.71
(주)시디즈,134790,2012/12,35171798,40.73,71.06,78.57,4844692,1.58,0.73,81906819,38.04
(주)신도리코,029530,2012/12,872714712,8.71,91.98,2.9,82949120,0.95,0.62,737389011,48.77
(주)신성이엔지,011930,2012/12,320699428,377.39,20.95,-19.64,-2517282,2.91,0.69,155612173,0
(주)신세계,004170,2012/12,5211343828,147.44,40.41,6.33,192940637,1.38,0.87,1521212511,19.98
(주)신세계아이앤씨,035510,2012/12,190095817,34.04,74.61,-11.85,26639045,0.79,0.55,297112700,20
(주)신세계인터내셔날,031430,2012/12,613276554,52.54,65.56,-0.5,64264403,2.24,1.2,788338689,12
(주)신세계푸드,031440,2012/12,264221547,30.12,76.85,3.28,27506993,2.08,1.23,721101035,15
(주)신영와코루,005800,2012/09,291797472,13.27,88.28,4.01,10233280,0.37,0.31,199198948,30
(주)신원,009270,2012/12,431462973,126.53,44.14,6.25,-18562226,0.65,0.35,559822343,0
(주)신풍,002870,2012/12,182692323,97.75,50.57,1.75,-8163809,0.35,0.24,119572862,17.42
(주)신한금융지주회사,055550,2012/12,27212924000,38.37,72.27,-53.74,2357473000,1.3,0.91,992720000,14.89
(주)신화다이나믹스,001770,2012/12,93345535,133,42.92,-2.32,7415700,0.47,0.34,93073417,6
(주)신흥,004080,2012/12,136302530,77.84,56.23,-9.72,-270660,1.26,0.78,152346856,8.45
(주)쌍방울,102280,2012/12,114581678,49.93,66.7,-1.34,1013746,1.8,0.96,148450980,0
(주)쎌마테라퓨틱스,015540,2012/12,13966316,9.37,91.43,26.13,-1174987,4.47,0.87,7757974,0
(주)씨아이테크,004920,2012/12,17891629,3.26,96.84,-6.44,-18789,36.28,1.36,5891227,0
(주)아모레퍼시픽,090430,2012/12,2865780752,22.2,81.83,9.46,282137950,4.11,2.84,2510394369,130.08
(주)아모레퍼시픽그룹,002790,2012/12,1632028890,3.11,96.99,31.67,28576038,2.94,1.27,37521115,42.19
(주)아센디오,012170,2012/12,52747914,57.04,63.68,-38.3,-7483388,6.65,1.33,62071528,0
(주)아이마켓코리아,122900,2012/12,677432901,113,46.95,21.57,-36883443,3.66,1.92,2045239942,49.45
(주)아이에이치큐,003560,2012/12,43873042,27.2,78.62,-21.99,4123547,5.88,2.44,37680158,0
(주)알루코,001780,2012/12,343724465,147.36,40.43,-8.22,-566356,1.41,0.77,220020514,0
(주)에넥스,011090,2012/12,89972455,175.94,36.24,4.07,-608022,1.71,0.54,191205292,0
(주)에스비에스,034120,2012/12,824819398,50.23,66.56,5.06,49713531,1.63,1.06,757064138,12
(주)에스엠벡셀,010580,2012/12,64101045,244.7,29.01,-7.45,-3494472,1.57,0.78,88689945,0
(주)에스원,012750,2012/12,987553477,32.84,75.28,5.56,114017179,4.28,2.92,1006607796,222.35
(주)에스제이엠,123700,2012/12,135919187,27.86,78.21,9.94,8997293,1.32,0.72,109952522,20
(주)에스제이엠홀딩스,025530,2012/12,107725366,0.05,99.95,-77.84,2082251,0.56,0.41,1596656,18.15
(주)에스지글로벌,001380,2012/12,161365928,65.87,60.29,44.42,-1011747,1.02,0.37,93146399,0
(주)에스지세계물산,004060,2012/12,298365911,36.65,73.18,-7.44,10136685,0.89,0.27,316301188,0
(주)에스피씨삼립,005610,2012/12,389000191,134.7,42.61,27.62,15001117,1.62,0.55,802652803,7.28
(주)에이블씨엔씨,078520,2012/12,232110920,52.87,65.42,39.08,32764564,7.22,1.95,425058057,107.42
(주)에이엔피,015260,2012/12,89360006,71.12,58.44,-14.25,2634243,1.6,0.53,81381147,0
(주)에이프로젠,007460,2012/12,136564096,0,0,53,24337022,0,0,154934883,0
(주)에이프로젠바이오로직스,003060,2012/12,81313385,25.67,79.57,-39.52,-2301361,5.61,1.23,26218720,0
(주)에프앤에프홀딩스,007700,2012/12,208043735,25.04,79.98,-8.04,8229894,0.77,0.52,200335913,20
(주)엔씨소프트,036570,2012/12,1200513922,15.56,86.53,-4.97,122234403,7.2,3.09,475302065,109.2
(주)엔아이스틸,008260,2012/12,142242311,126.12,44.22,-1.81,22687495,1.04,0.64,105331692,10
(주)엔케이,085310,2012/12,273958919,96.1,51,-0.24,-9539946,1.4,0.67,189960360,0
(주)엘에스,006260,2012/12,1828317000,7.7,92.85,13.21,78412000,1.95,1.41,104376000,21.56
(주)엘에스네트웍스,000680,2012/12,1257202779,80.95,55.26,51.08,-17184858,0.64,0.46,639561787,0.21
(주)엘에프,093050,2012/12,1202450421,32.89,75.25,-1.51,200162015,1.62,0.9,1389652918,8
(주)엘엑스인터내셔널,001120,2012/12,3188100089,117.88,45.9,-19.42,477738930,2.09,1.14,5945490194,9.97
(주)엘엑스하우시스,108670,2012/12,1535955000,102.63,49.35,0.33,79989000,1.24,0.79,2073996000,20.06
(주)엘지,003550,2012/12,7703591033,3.98,96.17,4.6,411589614,1.89,1.26,616562921,20.01
(주)엘지생활건강,051900,2012/12,1976245361,110.56,47.49,7.47,156131830,14.1,9.39,2144639679,71.05
(주)엘지유플러스,032640,2012/12,11070081000,195.92,33.79,18.78,1836369000,1.51,0.92,10904831000,0
(주)엘지헬로비전,037560,2012/12,1519009712,93.71,51.62,33.02,169678623,1.78,1.34,774101299,0
(주)엘지화학,051910,2012/12,14784787000,44.94,68.99,3.19,1572768000,3.3,1.99,20442790000,79.71
(주)엠씨넥스,097520,2012/12,122712440,145.84,40.68,-21.1,-2419818,0,0,159316200,5.87
(주)영원무역,111770,2012/12,813552811,53.24,65.26,5.6,77779491,2.99,1.64,1054456979,40
(주)영원무역홀딩스,009970,2012/12,414875936,10.73,90.31,-45.56,20693452,2.5,1.62,24765794,85.11
(주)영풍,000670,2012/12,1994976031,30.97,76.35,6.76,108494850,1.71,0.96,1106795683,140.07
(주)영흥,012160,2012/12,229134908,34.74,74.21,-0.29,6894653,1.05,0.39,131224614,7.9
(주)예스코홀딩스,015360,2012/12,1134834067,97.12,50.73,8.63,85751662,0.33,0.26,1248567305,22.73
(주)오뚜기,007310,2012/12,954889373,67.4,59.74,9.22,64554502,1.65,0.93,1652592402,58.9
(주)오리엔트바이오,002630,2012/03,61400486,26.57,79.01,-12.6,-1108934,2.56,1.2,18112961,0
(주)오리온홀딩스,001800,2012/12,1317019140,83.76,54.42,8.39,49563333,9.98,5.2,820657451,52.87
(주)와이지플러스,037270,2012/12,38009202,27.65,78.34,-2.48,1950410,1.69,0.72,21169338,0
(주)와이투솔루션,011690,2012/12,106049993,175.51,36.3,-4.5,3363020,1.3,0.63,143573451,0
(주)우성,006980,2012/12,271695846,70.45,58.67,3.15,3231911,1.9,0.41,337114190,9.99
(주)우신시스템,017370,2012/12,132746343,81.14,55.21,-18.34,41296700,0.66,0.37,103214976,11.39
(주)우진,105840,2012/12,107537743,19.21,83.88,-2.9,-4775183,3.08,1.15,57891774,12
(주)우진플라임,049800,2012/12,174412067,127.17,44.02,8.04,2627493,0.94,0.51,152872222,0
(주)웅진,016880,2012/12,1526470747,0,0,-11.72,68820257,0,0,601426042,0
(주)웅진씽크빅,095720,2012/12,535645122,164.27,37.84,-8.22,38668462,4.16,1.41,712100048,0
(주)원림,005820,2012/12,94496361,42.35,70.25,1.25,5122095,0.7,0.31,54999156,7.13
(주)위스컴,024070,2012/12,132219575,13.38,88.2,-9.34,15358180,0.62,0.53,154929684,40
(주)윌비스,008600,2012/12,231396677,38.81,72.04,-2.99,9741027,1.64,0.42,198029791,0
(주)유니드,014830,2012/12,720927489,67.6,59.67,-18.91,96875651,0.9,0.49,504648899,14.82
(주)유니온,000910,2012/12,262336464,35.54,73.78,-5.51,13424683,0.62,0.33,121843428,11.48
(주)유니켐,011330,2012/12,64446069,711.07,12.33,-9.47,-10144117,4.36,1.05,99389418,0
(주)유수홀딩스,000700,2012/12,615691690,54.98,64.53,12.36,30955729,1.13,0.55,40714964,0
(주)유유제약,000220,2012/03,85913910,27.75,78.28,6.48,6462577,1.01,0.52,54320126,9.57
(주)유한양행,000100,2012/12,1344865199,16.65,85.72,14.25,77501006,1.96,1.06,762793054,23.18
(주)이마트,139480,2012/12,11343053804,91.11,52.33,0,727972388,1.37,1.01,10939021197,29.99
(주)이수페타시스,007660,2012/12,246656077,52.9,65.4,-1.29,22744733,1.62,1.05,298088816,8.88
(주)이수화학,005950,2012/12,971114821,77.09,56.47,9.84,16245838,0.86,0.49,1848372358,8.78
(주)이스타코,015020,2012/12,76117947,123.06,44.83,-17.51,-3185075,2.22,0.37,5882607,0
(주)이아이디,093230,2012/12,48405095,55.5,64.31,-46.58,-3574817,6.35,0.67,15734762,0
(주)이엔플러스,074610,2012/12,12453884,52.69,65.49,36.89,-1025965,7.41,1.51,15519940,0
(주)이원,017940,2012/12,2745549054,162.06,38.16,2.33,-3660485,0.5,0.3,6734355735,26.97
(주)이월드,084680,2012/12,186538344,97.9,50.53,5.17,-2829202,0.98,0.45,17774315,0
(주)인디에프,014990,2012/12,208873619,119.59,45.54,-12.27,19550610,0.63,0.3,214939693,0
(주)인바이오젠,101140,2012/12,8458072,86.88,53.51,-14.89,369980,6.49,0.62,10168487,0
(주)인스코비,006490,2012/12,19279543,35.47,73.81,45.82,-3823826,12.38,2.79,7984671,0
(주)인팩,023810,2012/12,110625951,119.36,45.59,7.08,2018943,0.97,0.59,131917130,20
(주)일신석재,007110,2012/12,76481976,37.23,72.87,-31.86,2443441,2.54,1.07,39557865,0
(주)제일기획,030000,2012/12,1120437710,81.2,55.19,18.49,4206842,4.79,3.23,853637925,0
(주)제주은행,006220,2012/12,3242918000,1066.96,8.57,-0.2,105454000,0.43,0.35,193056000,1
(주)조비,001550,2012/12,80896358,454.62,18.03,20.14,-4761946,2.23,0.96,48495287,0
(주)조흥,002600,2012/12,126574159,34.12,74.56,-2.83,6458882,0.56,0.39,96206977,50
(주)종근당바이오,063160,2012/12,185424863,49.36,66.95,2.92,22900061,0.77,0.36,113759578,13.73
(주)종근당홀딩스,001630,2012/12,590982649,65,60.61,4.31,49995956,1.57,0.54,461246431,26.15
(주)주연테크,044380,2012/12,34688978,25.67,79.57,15.53,256387,2.44,0.58,74735493,0
(주)지에스,078930,2012/12,5342898000,15.67,86.45,-51.62,73129000,1.6,1.05,168342000,27.01
(주)지에스글로벌,001250,2012/12,619881934,143.92,41,17.34,32241037,1.42,0.92,2685281796,4.99
(주)지에스리테일,007070,2012/12,2854221503,87.82,53.24,13,287611654,2.03,1.14,4502004746,40
(주)지투알,035000,2012/12,102429927,2.78,97.29,-12.2,2974971,1.58,1.1,14244842,18.45
(주)진도,088790,2012/12,191145339,180.17,35.69,12.53,-5525750,0.99,0.58,160506351,0
(주)진양홀딩스,100250,2012/12,173309461,0.35,99.65,20.57,8995490,0.77,0.43,8970367,14.7
(주)천일고속,000650,2012/12,57227639,38.98,71.95,5.36,4771181,1.65,0.87,55283118,0
(주)청호ICT,012600,2012/12,106431082,35.78,73.65,-43.23,5345209,0.63,0.27,55180367,0
(주)체시스,033250,2012/06,96400232,152.3,39.64,23.28,8002418,0.95,0.52,108100877,10
(주)카프로,006380,2012/12,734636253,60.75,62.21,-18.43,-59523856,2.69,0.93,956645951,50
(주)케이씨,029460,2012/12,210118351,11.29,89.86,-39.97,25397949,1.14,0.64,115299433,3.94
(주)케이씨씨,002380,2012/12,6577994367,35.1,74.02,-4.74,62551004,0.84,0.55,2873047378,121.91
(주)케이씨티시,009070,2012/12,266554091,81.79,55.01,15.67,-1651782,0.58,0.31,214175433,4.98
(주)케이에스에스해운,044450,2012/12,307046894,124.98,44.45,15.06,27739486,0.79,0.3,109966154,17.63
(주)케이에이치필룩스,033180,2012/12,57582231,63.06,61.33,-1.24,1662155,1.36,0.74,47332532,5.93
(주)케이이씨,092220,2012/12,372922603,200.39,33.29,-9.96,-6480773,1.23,0.6,256779490,0
(주)케이티,030200,2012/12,26508776000,123.3,44.78,-6.46,5188739000,1.12,0.77,18863237000,31.16
(주)케이티스카이라이프,053210,2012/12,622779307,79.21,55.8,18.71,161271613,5.74,2.85,551270456,14
(주)케이티씨에스,058850,2012/12,181146569,47.68,67.71,0.96,16503552,0.99,0.77,384172317,16.64
(주)케이티아이에스,058860,2012/12,177525579,42.75,70.05,4.02,16843921,1.06,0.71,388426804,17.7
(주)케이티앤지,033780,2012/12,5917563261,21.3,82.44,5.03,803281611,2.84,2.16,2616190249,42.19
(주)코리아써키트,007810,2012/12,358964874,69.48,59,26.34,75600063,2.53,0.73,439777883,0
(주)코아스,071950,2012/12,103282530,144.54,40.89,-10.49,387996,1.12,0.45,76689973,0
(주)코오롱,002020,2012/12,1055339333,71.25,58.39,7.91,12033576,0.64,0.35,58723557,10.08
(주)콤텍시스템,031820,2012/12,112422527,133.59,42.81,-10.98,1688646,1.24,0.53,159020939,6
(주)큐로,015590,2012/12,250864739,268.35,27.15,8.25,8692966,2.45,1.34,263752234,0
(주)크라운해태홀딩스,005740,2012/12,546220034,125.71,44.3,4.43,35386653,1.41,0.84,418237574,19.38
(주)키다리스튜디오,020120,2012/12,27561464,85.84,53.81,120.05,147357,2.26,1.03,9215652,0
(주)태경비케이,014580,2012/12,169785218,64.33,60.85,-1.41,14218439,0.68,0.58,126234142,20
(주)태영건설,009410,2012/12,2136326947,174.06,36.49,-1.03,172249552,0.65,0.42,1639160744,16.62
(주)티비에이치글로벌,084870,2012/12,261285247,80.67,55.35,-4.4,19771923,3.24,1.46,173470827,0
(주)티에이치엔,019180,2012/12,167478022,231.93,30.13,20.05,-11801606,0.92,0.46,166347384,6.28
(주)티웨이홀딩스,004870,2012/12,24295231,32.6,75.41,-18.08,-2050026,1.6,0.73,7273315,0
(주)팜스코,036580,2012/12,560228923,142.86,41.18,24.83,-28243776,0.89,0.5,664946544,0.16
(주)퍼시스,016800,2012/12,342332609,12.79,88.66,-20.04,33134430,1.41,0.88,221951922,47.65
(주)포스코인터내셔널,047050,2012/12,6989139520,229.23,30.37,-9.31,640152076,6.03,3.69,17011373493,6
(주)풀무원,017810,2012/12,323214161,108.74,47.91,-23.34,12531392,1.33,0.79,53390275,20.19
(주)풍산,103140,2012/12,2248068326,124.71,44.5,2.06,157166129,1.06,0.66,2341407324,9
(주)풍산홀딩스,005810,2012/12,441931768,9.72,91.14,-0.03,6360210,0.57,0.39,99978855,14.37
(주)플레이그램,009810,2012/12,37873004,11.05,90.05,-32.21,210968,0.7,0.35,10053033,0
(주)하나금융지주,086790,2012/12,16180154000,28.03,78.11,-93.38,-159078000,0.88,0.58,27891000,4.96
(주)하나투어,039130,2012/12,300349884,96.5,50.89,14.67,37730979,5.8,2.56,259175857,97.3
(주)하이스틸,071090,2012/12,251434733,85.54,53.9,29.66,15158761,0.64,0.22,261359568,7
(주)하이트론씨스템즈,019490,2012/12,85508860,52.11,65.74,-5.25,8532352,0.79,0.45,116592630,0
(주)한국전자홀딩스,006200,2012/12,196298967,12.24,89.09,-1.11,3674573,0.4,0.16,9910613,0
(주)한국종합기술,023350,2012/12,185606145,55.78,64.19,1.54,2379971,0.91,0.38,180763714,20
(주)한국카본,017960,2012/12,284746971,25.19,79.88,51.41,-11660962,1.53,0.84,163282135,13.2
(주)한국특강,007280,2012/12,553819260,361.18,21.68,-6.81,-31996827,0.46,0.3,647612376,15
(주)한국화장품제조,003350,2012/12,37743205,36.43,73.3,20.15,-1616369,1.38,0.55,31270181,0
(주)한농화성,011500,2012/12,128886580,74.22,57.4,2.3,10307658,0.86,0.52,211200074,17.61
(주)한독,002390,2012/12,436390308,51.92,65.82,-5.48,12178685,1.48,0.45,314646329,30
(주)한미글로벌건축사사무소,053690,2012/12,108753852,103.89,49.05,24.46,5746638,1.61,0.9,161993619,37.24
(주)한샘,009240,2012/12,354694726,67.27,59.78,8.37,18824071,3.06,1.82,733566771,45.95
(주)한섬,020000,2012/12,742069846,10.63,90.4,-2.29,62745245,1.46,0.81,489550165,53.52
(주)한솔케미칼,014680,2012/12,329487454,94.13,51.51,5.45,30325049,1.99,1.14,293809915,9.82
(주)한솔홈데코,025750,2012/12,267890768,137.76,42.06,9.68,13428735,0.8,0.52,189199921,0
(주)한익스프레스,014130,2012/12,76144867,254.08,28.24,7.1,-8207043,1.58,0.88,251733998,0
(주)한진,002320,2012/12,1755866339,128.1,43.84,1.5,30857303,0.41,0.27,1209784533,7.89
(주)한진중공업홀딩스,003480,2012/12,1063579000,1.38,98.64,0.16,9502000,0.28,0.18,13727000,4.2
(주)한창,005110,2012/12,31432243,33.5,74.91,15.55,-1653323,1.48,0.44,14785925,0
(주)한창제지,009460,2012/12,152931232,213.89,31.86,0.42,4911804,1.26,0.59,163264437,0
(주)한화,000880,2012/12,5947456857,128.38,43.79,-3.41,266248047,1.23,0.79,5242016462,8.3
(주)현대리바트,079430,2012/12,319275745,66.61,60.02,-1.63,16038708,0.77,0.48,485168241,5.85
(주)현대미포조선,010620,2012/12,5032466338,57.54,63.48,-4.08,-379760548,1.06,0.65,4003284825,29.39
(주)현대백화점,069960,2012/12,3891127052,63.44,61.18,6.91,258974506,1.86,1.15,1026100820,12.8
(주)현대지에프홀딩스,005440,2012/12,1510433824,27.59,78.38,46.83,47087421,1.56,1.14,1168077989,8.93
(주)현대퓨처넷,126560,2012/12,392278121,4.5,95.69,8.98,31530963,1.64,0.77,41574611,8
(주)현대홈쇼핑,057050,2012/12,1306359201,34.03,74.61,6.89,113085263,1.95,1.12,760488596,22
(주)형지엘리트,093240,2012/06,77995175,58.65,63.03,13.36,5453804,0.78,0.43,98563463,24.22
(주)혜인,003010,2012/12,241533365,131.03,43.28,2.84,-35596002,0.72,0.4,196298127,8.82
(주)호텔신라,008770,2012/12,1542215711,124.6,44.52,24.11,143197755,3.69,2.39,2189737806,5.92
(주)화승인더스트리,006060,2012/12,286050845,114.44,46.63,-11.01,12100352,0.5,0.03,233361961,4.97
(주)화승코퍼레이션,013520,2012/12,574764890,151.26,39.8,4.81,-1824822,0.52,0.3,661175019,4.61
(주)화신,010690,2012/12,436714556,36.19,73.43,7.1,21818022,1.53,0.87,611770563,19.89
(주)황금에스티,032560,2012/12,208119061,37.35,72.81,-19.24,15362809,0.49,0.32,145921329,10
(주)효성,004800,2012/12,8284794074,171,36.9,0.02,711218473,0.88,0.52,9284877550,18.95
(주)후성,093370,2012/12,291018951,96.5,50.89,-9.26,51313108,4.98,2.54,215609696,0
(주)휠라홀딩스,081660,2012/12,665692733,93.95,51.56,-7.38,84790846,2.68,1.71,423883800,5
(주)휴니드테크놀러지스,005870,2012/12,128776964,109.78,47.67,-13.38,-4781033,0.96,0.55,41006171,0
(주)휴비스,079980,2012/12,712409706,106.79,48.36,-7.41,74262683,1.41,0.79,1283896039,6
(주)휴스틸,005010,2012/12,558215549,42.27,70.29,3.89,12421837,0.57,0.33,590313880,20
CS홀딩스(주),000590,2012/12,158255760,5.07,95.17,-27.1,1252116,0.38,0.24,1986918,0
DB금융투자(주),016610,2012/03,4293374754,634.7,13.61,1.96,-38481363,0.57,0.28,1059453026,0.98
DB손해보험(주),005830,2012/03,17531362133,695.19,12.58,27.65,86149775,2,1.47,10514803350,214.57
KG스틸(주),016380,2012/12,4954671949,244.74,29.01,-8.57,407812352,0.27,0.12,3565729917,0
KISCO홀딩스(주),001940,2012/12,501960961,2.06,97.98,-4.58,4421400,0.3,0.25,11630965,14.9
LG이노텍(주),011070,2012/12,4668317759,277,26.53,17.66,324683760,2,1.24,5071753125,0
LS일렉트릭(주),010120,2012/12,1885861070,131.13,43.27,17.77,113649999,3.43,2.32,1651122711,19.55
OCI(주),010060,2012/12,5939458718,77.62,56.3,-29.29,15981448,2.29,1.04,2409028464,7.5
SK이노베이션(주),096770,2012/12,15303734943,15.54,86.55,53.96,1156459362,1.57,0.99,2349804656,63.66
SNT다이내믹스(주),003570,2012/12,923730965,37.16,72.91,-4.86,-25379273,0.99,0.52,581403685,11.28
SNT모티브(주),064960,2012/12,810948117,74.93,57.17,-0.69,45148368,1.04,0.57,758167160,9.47
STX엔진(주),077970,2012/12,2027727458,180.15,35.7,-17.02,-56728580,0.84,0.3,1075021065,0
STX중공업(주),071970,2012/12,1042187712,187.13,34.83,-20.17,62177694,0.53,0.24,888656566,5
가온전선(주),000500,2012/12,519993633,93.85,51.59,-2.59,39558908,0.38,0.24,1005948717,11.33
강남제비스코(주),000860,2012/12,306197123,25.74,79.53,6.81,19312566,0.6,0.39,323851369,45
경인전자(주),009140,2012/12,58812637,10.49,90.51,65.91,2951697,0.47,0.35,21442651,6.11
계룡건설산업(주),013580,2012/12,1329508773,193.75,34.04,-17.35,-27016553,0.34,0.14,1056681591,0
계양전기(주),012200,2012/12,175236447,19.2,83.9,4.86,14997955,0.82,0.53,230796675,10.04
고려산업(주),002140,2012/12,143910173,146.22,40.61,5.73,-8341558,0.52,0.29,186853034,2.9
고려아연(주),010130,2012/12,4486814791,17,85.47,1.42,500919467,2.55,1.51,4926649428,93.66
고려제강(주),002240,2012/12,1303152096,31.59,75.99,4.11,48400092,0.74,0.45,547093272,34.99
광동제약(주),009290,2012/12,382069331,45.98,68.5,5.91,22976237,1.31,0.72,331814544,4.67
광전자(주),017900,2012/12,268245635,24.3,80.45,-23.43,43322663,1.04,0.46,247425915,0
교보증권(주),030610,2012/03,4597488388,692.14,12.62,70.18,-743866986,0.52,0.27,3213118941,1.93
국도화학(주),007690,2012/12,464358947,46.35,68.33,-4.25,60440655,1.18,0.73,620364704,20
국제약품(주),002720,2012/12,114118482,107.92,48.09,0,1930420,1.15,0.57,122228356,0
그랜드코리아레저(주),114090,2012/12,488541049,47.4,67.84,-4.29,138777947,7.98,4.17,502404460,217.4
그린케미칼(주),083420,2012/12,158667057,60.99,62.12,22.41,19303420,1.01,0.56,217154053,20
극동유화(주),014530,2012/12,197891858,91.55,52.21,5.58,31734406,0.82,0.58,333186945,14
금강공업(주),014280,2012/12,462007030,151.14,39.82,30.41,81537633,0.46,0.27,376902952,6.32
금호건설(주),002990,2012/12,1702645914,0,0,-11.15,-102444967,0,0,1499639378,0
금호석유화학(주),011780,2012/12,3489123787,175.93,36.24,-7.92,239538333,5.22,2.69,4872724692,33.41
금호전기(주),001210,2012/12,383509898,68.53,59.34,-20.32,13010955,0.96,0.51,201236199,1.73
금호타이어(주),073240,2012/12,3378161395,217.93,31.45,2.91,80066215,1.92,1.15,3342328372,0
기신정기(주),092440,2012/03,196249158,4.43,95.76,7.48,18292550,1.04,0.68,91920290,40
기아(주),000270,2012/12,24480107000,63.93,61,0.96,2756165000,2.6,1.65,28007913000,12.3
깨끗한나라(주),004540,2012/12,422766817,263.66,27.5,7.76,40503572,1.14,0.79,633378794,0
남광토건(주),001260,2012/12,442047948,749.21,11.78,-41.52,-72994306,5.55,0.33,393480205,0
남양유업(주),003920,2012/12,1026635852,18.57,84.34,11.42,-10147297,1.1,0.63,1340334900,19.28
남해화학(주),025860,2012/12,563136207,64.98,60.61,-2.73,-18024892,1.76,1.03,1468834890,1.22
네이버(주),035420,2012/12,2641450894,33.08,75.14,5.31,561503723,7.36,5.22,1511390501,111.43
넥센타이어(주),002350,2012/12,1691231536,150.59,39.91,15.65,99383074,3.41,2.22,1361164473,11.44
다스코(주),058730,2012/12,89424962,41.12,70.86,25.15,1924778,0.7,0.37,101800632,13.76
다올투자증권(주),030210,2012/03,1755397485,279.3,26.36,52.16,-257725359,0.74,0.31,446485110,2.37
대동전자(주),008110,2012/03,108228370,11.99,89.3,-36.97,-6287578,0.34,0.25,13357242,14.63
대림비앤코(주),005750,2012/12,237382723,67.27,59.78,13.08,-5070100,0.51,0.18,100101321,0
대림통상(주),006570,2012/12,245128282,74.94,57.16,-1.11,2402667,0.59,0.42,141653955,7.86
대상(주),001680,2012/12,1266125824,118.28,45.81,11.46,136227871,2,0.85,1552521213,15.04
대상홀딩스(주),084690,2012/12,388207908,5.72,94.59,1.64,3549205,0.7,0.39,7938136,12.02
대성산업(주),128820,2012/12,2608911589,332.65,23.11,2.79,-485874334,0.34,0.14,1297804488,0
대성에너지(주),117580,2012/12,644594045,140.09,41.65,11.59,35167838,0.88,0.43,979741965,25
대성홀딩스(주),016710,2012/12,371334451,59.58,62.67,-1.59,2789981,0.71,0.41,40455039,25
대신증권(주),003540,2012/03,9870190020,468.68,17.58,2.35,-124464179,0.8,0.5,4297976383,11.85
대영포장(주),014160,2012/12,198105801,76.96,56.51,2.44,22054755,1.2,0.32,234219301,0
대우전자부품(주),009320,2012/12,37081938,124.82,44.48,16.83,1263286,3.31,1.62,20210123,0
대우조선해양(주),042660,2012/12,13572548895,253.68,28.27,-1.36,-774698358,1.86,1.07,12051119103,0
대원강업(주),000430,2012/12,685695799,100.95,49.76,2.42,32312662,1.82,0.87,737525624,22
대원전선(주),006340,2012/12,215119702,201.99,33.11,-6.97,-36245563,1.45,0.59,447201860,0
대원제약(주),003220,2012/12,146083370,29.72,77.09,-2.84,14189288,1.65,0.6,134014444,9.89
대원화성(주),024890,2012/12,106152833,171.7,36.81,1.11,-1472211,1.12,0.59,117040163,0
대창단조(주),015230,2012/12,114000242,28.89,77.58,-17.45,34966593,1.28,0.77,279125128,20
대한방직(주),001070,2012/12,259775593,208.05,32.46,-9.31,8199553,0.4,0.25,259438525,0
대한유화(주),006650,2012/12,1251520750,71.5,58.31,2.92,9271926,1.11,0.34,2075256478,0
대한전선(주),001440,2012/12,2248592883,619.1,13.91,-23.09,-62864363,4.28,0.66,1982801358,0
대한제강(주),084010,2012/12,716495972,95.98,51.03,15.81,1977397,1.2,0.42,1045132862,18.42
대한제당(주),001790,2012/12,996785392,130.96,43.3,6.35,11435533,0.57,0.37,1322819319,22.47
대한제분(주),001130,2012/12,709754123,21.39,82.38,8.56,21922516,0.53,0.3,379636361,48.6
대한해운(주),005880,2012/12,1419420084,0,0,-21.33,-27706295,0,0,595612977,0
대한화섬(주),003830,2012/12,477260397,31.79,75.88,47.07,19151297,0.36,0.2,344891578,12.69
덕양산업(주),024900,2012/12,232283632,324.38,23.56,11.25,9765172,1.45,0.72,906316946,12.48
동국제강(주),001230,2012/12,7135986379,173.69,36.54,-15.91,428138475,0.64,0.31,4969375388,7.19
동부건설(주),005960,2012/12,2093081860,374.29,21.08,7.46,-60690618,0.4,0.22,1523027177,0
동성제약(주),002210,2012/12,133633670,112.51,47.06,7.83,2804609,2.03,0.48,84581021,2.51
동아쏘시오홀딩스(주),000640,2012/12,1425754278,91.05,52.34,2.61,57756771,1.85,1.06,930979508,19.18
동양생명보험(주),082640,2012/03,14547424925,1154.28,7.97,0.4,-209454824,1.59,1.17,3967766004,6.9
동양철관(주),008970,2012/12,204553017,81.34,55.15,11.87,-6709645,2.36,1.11,228669023,0
동원금속(주),018500,2012/03,278993448,493.91,16.84,31.58,32539673,1.94,0.81,253024314,10
동원산업(주),006040,2012/12,984419310,74.13,57.43,23.98,176084480,2.02,1,779756298,60
동원수산(주),030720,2012/12,94783225,132.43,43.02,-2.6,-10584054,1.86,0.81,110931490,5
동원시스템즈(주),014820,2012/12,394505321,330.63,23.22,-11.39,-19817225,1.86,1.27,409973517,0
동일고무벨트(주),163560,2012/12,199369660,,,,1939845,,,56454128,
동일산업(주),004890,2012/12,361877520,17.14,85.37,-14.17,35627421,0.55,0.35,438641276,24.08
동화약품(주),000020,2012/12,324284672,42.86,70,-4.77,25226760,0.86,0.51,223371997,8
두산에너빌리티(주),034020,2012/12,10549905920,220.72,31.18,17.8,387213691,3,1.53,7856768585,12.62
디씨엠(주),024090,2012/12,184411552,38.78,72.06,-9.49,-692146,1.11,0.82,158251717,96.98
디아이동일(주),001530,2012/12,672500907,42.42,70.21,-11.68,13019911,0.3,0.2,261397755,11.2
디에스알제강(주),069730,2012/12,200277496,99.72,50.07,5.65,5634771,0.79,0.38,169058805,6
디엘(주),000210,2012/12,10165866335,111.05,47.38,25.8,724393276,1.07,0.54,9041849749,8.92
디엘건설(주),001880,2012/12,598387597,1365.07,6.83,-1.91,51091574,1.03,0.54,506151680,0
디와이(주),013570,2012/12,442459275,70.73,58.57,4.25,59387524,2.09,1.02,620726201,38.19
롯데관광개발(주),032350,2012/12,137564509,2159.33,4.43,-7.08,-4537508,38.52,23.02,41049913,0
롯데손해보험(주),000400,2012/03,3467415339,1535.69,6.11,9.38,124434854,1.66,1.1,2087942836,0
롯데쇼핑(주),023530,2012/12,24802591031,74.78,57.21,6.19,1170519508,0.83,0.58,16121838219,30
롯데에너지머티리얼즈(주),020150,2012/12,447878427,60.95,62.13,13.48,68157816,2.66,1.04,349536647,0
롯데정밀화학(주),004000,2012/12,1613366205,39.28,71.8,7.29,48056317,1.66,1.17,1430857079,12.83
롯데지주(주),004990,2012/12,3852362097,38.38,72.26,0.15,78794252,0.97,0.73,1524226498,79.21
롯데칠성음료(주),005300,2012/12,3673854093,61.41,61.96,28.86,124867452,1.06,0.78,2015764732,70.09
롯데케미칼(주),011170,2012/12,9500149213,55.12,64.47,7.47,105718341,2.09,0.98,9095887163,19.64
롯데하이마트(주),071840,2012/12,2604670537,76.4,56.69,-5.53,60234119,1.37,0.74,3212151434,5
만호제강(주),001080,2012/06,252574363,23.4,81.04,9.79,-1227037,0.56,0.28,237718492,13.97
명문제약(주),017180,2012/12,155915528,122.29,44.99,-16.22,1878299,1.7,0.74,96381820,0
무림페이퍼(주),009200,2012/12,837921385,168.06,37.3,-24.12,80523603,0.43,0.32,477365506,0
무림피앤피(주),009580,2012/12,1229315684,122.01,45.04,28.83,22066133,0.73,0.39,596440374,10
문배철강(주),008420,2012/12,125759332,54.43,64.75,11.03,8957842,0.63,0.4,157456390,9.47
미래산업(주),025560,2012/12,95540495,155.62,39.12,-54.23,1739526,25.43,2.87,33767221,0
미래에셋증권(주),006800,2012/03,22233148000,461.28,17.82,-16.22,96087000,2.16,0.76,2932970000,3.15
미원상사(주),002840,2012/12,155830789,50.93,66.25,15.59,26240797,1.31,0.73,153041657,0
미원홀딩스(주),107590,2012/12,146977503,22.79,81.44,14.76,21840670,1.71,0.75,234564135,0
미원화학(주),134380,2012/12,73859719,43.35,69.76,0,7797308,1.25,0.95,121285087,0
미창석유공업(주),003650,2012/12,203119301,20.93,82.7,3.24,23712163,0.61,0.47,410608526,45.57
백광산업(주),001340,2012/12,485691345,139.4,41.77,8.21,12022709,7.36,0.45,403984893,7.74
범양건영(주),002410,2012/12,178835795,1618.28,5.82,-53.18,1184030,39.08,0.51,70088284,0
보해양조(주),000890,2012/12,230490919,328.2,23.35,-7.98,2948461,11.36,0.61,116109662,0
부광약품(주),003000,2012/12,247919262,26.34,79.15,0,49499634,3.03,1.73,147525248,99.48
부국증권(주),001270,2012/03,734336354,86.54,53.61,-9.19,15560727,0.79,0.49,280555240,15.51
부국철강(주),026940,2012/12,140117868,34.03,74.61,6.87,27150865,0.47,0.34,298697101,15
부산산업(주),011390,2012/12,44296154,41.72,70.56,37.14,2542925,1.28,0.43,29684383,0
부산주공(주),005030,2012/12,221794773,350.03,22.22,10.72,-4288546,0.69,0.41,197973626,7.22
비케이탑스(주),030790,2012/12,356823855,1302.01,7.13,99.64,-4097317,11.76,5.72,319255328,0
사조동아원(주),008040,2012/12,621476211,198.99,33.45,18.14,-7663206,1.73,0.84,512633814,5.84
사조산업(주),007160,2012/12,532755970,153.8,39.4,7.45,-4424397,1.56,1.12,443278822,0
사조씨푸드(주),014710,2012/12,289071437,88.52,53.05,0.42,-1696154,1.06,0.56,281985807,0
삼부토건(주),001470,2012/12,1471409357,1405.72,6.64,-11.11,-13174919,0.77,0.27,529509266,0
삼성SDI(주),006400,2012/12,10756430786,36.14,73.46,8.12,329276447,1.05,0.78,4907778303,28
삼성공조(주),006660,2012/12,202105430,24.54,80.29,-17.94,1568280,0.49,0.35,89351082,11.84
삼성생명보험(주),032830,2012/03,160589445000,806.09,11.04,-5.27,10174176000,1.21,0.93,22728563000,394
삼성엔지니어링(주),028050,2012/12,4616465006,168.51,37.24,8.96,246603242,6.51,3.59,8867692358,55.44
삼성전기(주),009150,2012/12,5498819756,46.36,68.32,34.57,634854007,2.4,1.66,5469200412,20.02
삼성전자(주),005930,2012/12,133264055000,25.85,79.46,16.88,23065604000,2.55,1.68,141206377000,126.04
삼성제약(주),001360,2012/12,103018449,196.77,33.7,7.28,-11126576,-9.61,-2.96,47285859,0
삼성중공업(주),010140,2012/12,16321334070,212.18,32.03,7.97,-1272937445,1.92,1.26,14423916279,9.39
삼성증권(주),016360,2012/03,15469036785,376.76,20.98,-1.32,-704962175,2.27,1.1,2527460352,13.21
삼성카드(주),029780,2012/12,16287776142,172.58,36.69,18.66,-929643331,0.96,0.63,3699264880,13.14
삼성화재해상보험(주),000810,2012/03,38621152798,401.9,19.92,14.52,2657089137,1.76,1.34,17229472110,660.72
삼아알미늄(주),006110,2012/12,173452507,58.43,63.12,-5.06,17872375,0.36,0.24,150091124,15
삼양식품(주),003230,2012/12,274412931,80.36,55.45,6.96,2296821,2.25,0.98,315255506,0
삼양통상(주),002170,2012/12,252852783,21.69,82.18,-0.6,10192307,0.49,0.29,158006567,15
삼영무역(주),002810,2012/12,219171029,21.14,82.55,-1.73,6276483,1.11,0.48,272339909,24.32
삼영전자공업(주),005680,2012/12,409093288,5.26,95,-10.29,28213820,0.58,0.41,232610273,40
삼익티에이치케이(주),004380,2012/12,201147087,70.53,58.64,-32.45,23727706,1.72,0.95,186820626,49.29
삼일제약(주),000520,2012/12,111035567,73.41,57.67,-4.98,7152933,0.54,0.38,88401144,14.22
삼정펄프(주),009770,2012/12,167662404,18.05,84.71,-1.65,22845518,0.77,0.44,161238070,16
삼진제약(주),005500,2012/12,204185915,81.11,55.21,-7.96,33931501,1.76,1,185702080,27.42
삼호개발(주),010960,2012/12,212638967,69.68,58.93,13.79,13436363,0.68,0.37,208666152,17.1
삼화왕관(주),004450,2012/12,126023933,23.33,81.08,2.03,9607150,0.5,0.41,93144703,12.95
삼화전기(주),009470,2012/12,119291584,297.27,25.17,2.74,2527721,1.13,0.65,147374635,5
삼화전자공업(주),011230,2012/12,81231300,200.06,33.33,-7.05,-3721077,0.85,0.48,39000499,0
삼화콘덴서공업(주),001820,2012/12,113484528,136.6,42.27,-1.7,8925492,1.78,1.17,117750269,4.94
삼화페인트공업(주),000390,2012/12,403252928,87.25,53.4,4.63,26023536,0.51,0.36,411274076,47.24
상신브레이크(주),041650,2012/12,176521827,124.11,44.62,7.25,13497351,1.59,0.92,235099380,23.44
새론오토모티브(주),075180,2012/12,151764211,19.92,83.39,6.58,10192446,0.94,0.65,128142885,35.46
샘표(주),007540,2012/12,236397681,64.82,60.67,0.35,23520299,0.98,0.53,227069149,20.89
서울도시가스(주),017390,2012/12,1445759061,106.66,48.39,11.65,102017434,0.61,0.31,1885154496,13.88
서울식품공업(주),004410,2012/12,49981749,106.04,48.53,6.1,485197,1.65,0.97,38556823,0
선도전기(주),007610,2012/12,93652310,35.28,73.92,-15.26,-3844175,1.1,0.59,54365399,1.99
성문전자(주),014910,2012/12,39557721,29.83,77.02,-32.31,4630614,1.46,0.77,42129352,1
성보화학(주),003080,2012/12,101598444,16.06,86.16,9.99,2314449,0.66,0.5,45320184,20
성신양회(주),004980,2012/12,1115108026,236.63,29.71,11.49,11429017,0.34,0.15,521280255,0
성창기업지주(주),000180,2012/12,87598361,2.71,97.36,-27.87,4820071,1.82,0.99,9811033,0
세기상사(주),002420,2012/12,50867977,70.48,58.66,1.24,-106444,0.51,0.37,6103971,0
세방(주),004360,2012/12,763783942,46.38,68.31,-2.1,23364162,0.85,0.62,572103304,35.27
세방전지(주),004490,2012/12,772556142,31.94,75.79,-11.27,145854815,1.25,1.01,846330248,70
세원이앤씨(주),091090,2012/12,374740127,221.59,31.1,20.2,-12725292,1.48,0.92,285107113,0
세종공업(주),033530,2012/12,410380196,63.07,61.32,5.72,49667435,1.24,0.83,461709027,25.81
세하(주),027970,2012/12,240582996,184.74,35.12,-8.83,663250,0.94,0.35,171017820,0
송원산업(주),004430,2012/12,837746000,190.16,34.46,0.58,58879000,1.1,0.63,600967000,16
스틱인베스트먼트(주),026890,2012/12,98301458,21.83,82.08,-1.08,5891090,1.79,0.73,41500222,8.56
신대양제지(주),016590,2012/12,305175219,36.83,73.08,-14.53,54365835,0.41,0.25,262673128,9.94
신라교역(주),004970,2012/12,500632048,27.51,78.43,36.32,47716104,1.17,0.53,437960218,50
신성통상(주),005390,2012/06,524298663,139.39,41.77,6.55,47380126,1.39,0.23,636012492,0.35
신세계건설(주),034300,2012/12,581158877,262.91,27.56,10.14,-60695186,0.42,0.26,599827320,5.73
신영증권(주),001720,2012/03,4701239846,441.48,18.47,3.83,124361485,0.75,0.52,1194005070,22.89
신일전자(주),002700,2012/12,58156164,109.03,47.84,12.16,8900008,4.38,0.8,89545442,0
신풍제약(주),019170,2012/12,375746232,102.4,49.41,-5.74,29362592,2.2,0.85,212009533,14.19
쌍용씨앤이(주),003410,2012/12,2506135393,146.39,40.59,14.47,157358639,0.53,0.3,1333798570,0
써니전자(주),004770,2012/12,33864980,71.68,58.25,-5.9,-162127,11.38,0.39,19873100,0
씨제이(주),001040,2012/12,3024092727,17.66,84.99,19.58,-67687043,1.53,0.87,107951874,11.78
씨제이대한통운(주),000120,2012/12,2970388011,29.65,77.13,11.08,50446800,1.24,0.63,2492867467,0
씨제이씨지브이(주),079160,2012/12,980330037,152.27,39.64,21.31,130446454,2.04,1.4,664525317,70
씨제이씨푸드(주),011150,2012/12,84020228,115.33,46.44,33.08,7266659,3.61,2.04,166841031,0
씨제이제일제당(주),097950,2012/12,6376699881,135.05,42.54,5.66,565002196,2.19,1.57,4671189309,35.18
아남전자(주),008700,2012/12,106327025,43.82,69.53,-5.09,7202488,1.4,0.48,128067275,0
아세아(주),002030,2012/12,907087044,28.8,77.64,8.4,40351094,0.46,0.24,347706060,15.78
아세아제지(주),002310,2012/12,346922459,49.31,66.97,-7.64,49543424,0.43,0.22,263863110,11.6
아시아나항공(주),020560,2012/12,5669487635,505.95,16.5,5.76,287104452,1.79,1.22,5638068844,0
아이에스동서(주),010780,2012/12,878556726,140.01,41.67,39.9,-46610929,1.2,0.58,527221717,0
애경케미칼(주),161000,2012/12,370043671,,,,1198901,,,320522671,
에스엘(주),005850,2012/12,647121834,38.1,72.41,0,37457453,1.74,0.79,578105017,30
에스지씨에너지(주),005090,2012/12,629665378,162.33,38.12,1.6,10576857,1.57,0.98,285221128,15
에스케이(주),034730,2012/12,3348649302,245.83,28.92,-5.59,223571282,8.19,4.85,1528627922,568.75
에스케이가스(주),018670,2012/12,2602671244,174.85,36.38,-6.94,410197811,0.88,0.52,5090631429,32.88
에스케이네트웍스(주),001740,2012/12,9822542561,226.65,30.61,-2.72,30732597,1.01,0.67,25511199449,5.74
에스케이디스커버리(주),006120,2012/12,2194265707,131.4,43.22,-4.52,-196084,1.97,1.31,1476191493,7.02
에스케이렌터카(주),068400,2012/12,667826408,304.61,24.71,2.68,-49541455,1.25,0.67,373312720,0
에스케이씨(주),011790,2012/12,2547551827,119.06,45.65,4.36,139159849,1.76,1.18,1760998038,9.92
에스케이증권(주),001510,2012/03,4127024843,804.72,11.05,21.06,-465333221,1.76,0.78,632761438,1.96
에스케이텔레콤(주),017670,2012/12,22249502341,79.76,55.63,-1.74,3161516312,1.37,1.01,12332719444,1311.48
에스케이하이닉스(주),000660,2012/12,18203484000,82.77,54.71,-1.83,924749000,2.19,1.42,10001783000,0
에쓰-오일(주),010950,2012/12,12492041000,132.54,43,8.8,735380000,3.33,1.99,34723291000,87.89
에쓰씨엔지니어링(주),023960,2012/12,83717388,57.01,63.69,-59.33,-11372409,0.78,0.39,39220930,10
에이치디씨(주),012630,2012/12,5648965373,124.69,44.51,-28.83,48215491,0.87,0.5,2207250948,3.9
에이치디씨현대이피(주),089470,2012/12,418286901,238.39,29.55,9.65,-3556996,1.94,1.22,688785527,11.13
에이치디한국조선해양(주),009540,2012/12,30637881717,101.7,49.58,0.14,-2180227635,1.8,1,25055014302,40.32
에이치디현대인프라코어(주),042670,2012/12,6763982433,215.63,31.68,-4.14,-286622699,2.27,1.39,4243618747,0
에이치에스디엔진(주),082740,2012/12,1672968309,159.58,38.52,-31.25,-184905897,1.79,0.83,1377618958,0
에이치엘디앤아이한라(주),014790,2012/12,2326060158,559.51,15.16,11.12,-282907994,1.29,0.57,1873504639,3
에이치엘비글로벌(주),003580,2012/12,50876889,50.43,66.48,7.62,-948532,0.97,0.52,10812053,0
에이치엘홀딩스(주),060980,2012/12,2840941896,113.62,46.81,11.22,134932350,3.26,1.88,3140669328,19.65
에이치엠엠(주),011200,2012/12,7908884000,799.07,11.12,7.32,-290353000,5.64,3.79,7713825000,0
에이케이홀딩스(주),006840,2012/12,346947543,1.84,98.2,-99.69,28927033,1.03,0.51,2610613,2.94
엔에이치투자증권(주),005940,2012/03,22407972000,548.46,15.42,0.88,372518000,1.44,0.59,3562408000,4.54
엔피씨(주),004250,2012/12,232589394,79.22,55.8,4.7,20730590,1.06,0.69,258785158,12.76
엘브이엠씨홀딩스(주),900140,2012/12,,,,,,,,,
엘지디스플레이(주),034220,2012/12,23801588000,146.36,40.59,22.16,4420386000,1.44,0.76,28672355000,0
엘지전자(주),066570,2012/12,23832176000,137.78,42.06,-9.5,1085714000,1.87,1.11,25427205000,4.08
영보화학(주),014440,2012/12,137553025,57.51,63.49,6.04,8485256,1.57,0.67,109235083,9.75
영진약품(주),003520,2012/12,161950874,77.83,56.23,22.82,2379190,5.67,2.59,137688400,0
영풍제지(주),006740,2012/12,121187862,19.27,83.84,-1.93,21977460,0.41,0.27,113423993,33.27
영화금속(주),012280,2012/12,85364917,97.98,50.51,-3.53,8988322,2.82,0.66,120094499,4
우리종합금융(주),010050,2012/03,1354388457,2822.68,3.42,21.75,36011930,3.51,1.62,301738788,0
웰바이오텍(주),010600,2012/12,50025590,36.89,73.05,5.62,3621747,0.66,0.33,77116117,0
유니온머티리얼(주),047400,2012/12,136647435,57.49,63.5,3.68,3582135,2.04,0.91,92402693,7
유니퀘스트(주),077500,2012/12,158151579,57.75,63.39,-10.58,6853495,1.26,0.47,199424076,0
유성기업(주),002920,2012/12,260947566,51.68,65.93,6.79,14415916,0.53,0.35,298399432,25.7
유안타증권(주),003470,2012/03,14976401800,1050.51,8.69,-32.12,50935373,0.99,0.47,2182795660,1.04
유엔젤(주),072130,2012/12,78528190,15.59,86.52,-10.07,15284,1.75,0.87,40039191,26.11
유진투자증권(주),001200,2012/03,3206038096,476.5,17.35,15.03,-46296964,0.67,0.06,566091324,0
유화증권(주),003460,2012/03,817255185,73.37,57.68,-6.61,302852806,0.5,0.35,34682929,10.46
율촌화학(주),008730,2012/12,444607018,46.17,68.41,7.72,40898371,0.79,0.67,405702111,83.92
이건산업(주),008250,2012/12,232515229,182.13,35.45,9.14,15459564,0.78,0.43,157870366,0
이구산업(주),025820,2012/12,301686314,159.49,38.54,-9.8,8130092,0.53,0.35,244354718,0
이연제약(주),102460,2012/12,156922678,24.19,80.52,-8.05,22070046,1.91,1.01,114334848,40
이화산업(주),000760,2012/03,98386329,131.23,43.25,-2.43,-1576047,0.79,0.37,63435159,0
인지컨트롤스(주),023800,2012/12,240900736,88.86,52.95,5.62,6262705,1.03,0.64,375907082,19.16
인천도시가스(주),034590,2012/12,367353269,177.32,36.06,14.9,24692619,0.74,0.59,722342385,23.42
인터지스(주),129260,2012/12,458796858,123.16,44.81,17.17,29942671,0.75,0.49,449832967,10.69
일동홀딩스(주),000230,2012/12,522808624,63.96,60.99,2.24,23334231,1.24,0.51,346029751,14.5
일성건설(주),013360,2012/12,265046571,101.17,49.71,4.15,9340995,0.3,0.18,246832820,2.99
일성신약(주),003120,2012/12,383625419,20.61,82.91,13.15,-11318602,0.76,0.61,77160761,3.09
일신방직(주),003200,2012/12,533630133,14.89,87.04,-13.99,37157646,0.45,0.32,326933867,14.35
일양약품(주),007570,2012/03,360758367,103.28,49.19,1.93,-26621706,4.97,1.79,141162847,0
일정실업(주),008500,2012/12,69300969,52.6,65.53,15.21,-530406,0.49,0.36,73388124,25
일진다이아몬드(주),081000,2012/12,118270308,75.77,56.89,3.74,11778728,1.94,1,93266059,10
일진디스플레이(주),020760,2012/12,272594180,80.69,55.34,83.86,96094274,4.63,2,596517682,39.91
일진전기(주),103590,2012/12,829158105,161.29,38.27,-2.96,-12202053,0.87,0.45,987275598,5
일진홀딩스(주),015860,2012/12,309127411,15.01,86.95,-9.05,-1685121,0.45,0.29,4788606,2.53
자화전자(주),033240,2012/12,251832599,42.65,70.1,69.36,46349628,2.01,0.95,301296585,55.18
전방(주),000950,2012/12,527507480,173.82,36.52,-3.26,-19774711,0.31,0.2,268628448,0
제이더블유중외제약(주),001060,2012/12,601416164,271.4,26.93,-7.87,64013419,1.63,0.99,397084759,5.01
제이더블유홀딩스(주),096760,2012/12,227845091,60.89,62.15,17.57,-4878706,1.04,0.79,54490272,4.95
제이준코스메틱(주),025620,2012/12,56549087,336.04,22.93,-12.47,-2305592,5.32,1.88,50422207,0
제일연마공업(주),001560,2012/12,84032793,13.73,87.93,-0.49,11544275,0.79,0.66,73560830,32
제일파마홀딩스(주),002620,2012/12,390765178,61.87,61.78,-7.79,-3942836,1.37,0.78,426819209,10.6
조광페인트(주),004910,2012/12,199270267,76.25,56.74,3.39,7601266,1.79,0.38,170006324,29.53
조광피혁(주),004700,2012/12,177641364,25.82,79.48,7.71,24987785,0.96,0.49,195974888,0
조선내화(주),000480,2012/12,672964860,46.49,68.26,7.08,36705519,0.64,0.53,498488730,56.88
조선선재(주),120030,2012/12,50151407,25.05,79.96,-2.91,3202160,1.77,0.98,73414643,0
조일알미늄(주),018470,2012/12,250378245,46.1,68.45,-9.41,36058011,5.63,0.37,359008369,4
중소기업은행,024110,2012/12,190762068000,1287.67,7.21,-0.14,7384691000,0.71,0.53,14818645000,8
지에스건설(주),006360,2012/12,10216368515,165.33,37.69,0.07,-309622515,1.49,0.64,8530989163,4.86
지엠비코리아(주),013870,2012/12,336688232,105.42,48.68,0.25,13387308,0.73,0.6,424322402,24
진양산업(주),003780,2012/12,29888710,21.03,82.62,-19.05,4228118,1.38,0.85,28225792,40
진양폴리우레탄(주),010640,2012/12,23919761,39.13,71.88,-3.25,1474650,1.22,0.8,21694188,35
진양화학(주),051630,2012/12,40559494,59.54,62.68,2.58,2697684,1.16,0.67,64375840,20
진원생명과학(주),011000,2012/12,44232420,40.68,71.08,-32.71,-4424086,3.66,1.55,13919169,0
진흥기업(주),002780,2012/12,540235488,407.99,19.69,-14.71,36661444,11.18,0.87,466811943,0
참엔지니어링(주),009310,2012/12,185343630,107.77,48.13,-74.63,-957167,1.57,0.68,50862143,0
컨버즈(주),109070,2012/12,105726256,629.55,13.71,-23.88,3790639,1.18,0.44,91020427,0
케이비아이동국실업(주),001620,2012/12,218953750,89.68,52.72,11.44,2805939,0.82,0.43,261817457,0
케이씨그린홀딩스(주),009440,2012/12,136987341,28.76,77.66,-11.15,4193092,0.68,0.4,13500644,14
케이씨코트렐(주),119650,2012/12,235466546,221.97,31.06,57.13,-19370245,3.08,1.25,332119561,94
케이알모터스(주),000040,2012/12,126906068,86.34,53.67,-21.99,-3589394,2,0.81,96940269,0
케이지모빌리티(주),003620,2012/12,1857617323,129.99,43.48,3.27,145728654,1.67,0.81,2863805547,0
케이지케미칼(주),001390,2012/12,429801797,163.58,37.94,3.46,10209955,0.85,0.48,287878692,2.72
케이피엑스케미칼(주),025000,2012/12,416062281,29.81,77.04,-2.01,30392058,0.98,0.7,657142821,50
케이피엑스홀딩스(주),092230,2012/12,380998433,1.12,98.89,-13,12838683,0.53,0.45,12547796,38.68
코리안리재보험(주),003690,2012/03,6963597229,454.28,18.04,17.56,13329501,1.53,1.09,6762625273,13.34
코스맥스비티아이(주),044820,2012/12,178117059,165.39,37.68,21.9,4687106,12.03,3.24,215611296,53.49
코스모신소재(주),005070,2012/12,233863970,165.61,37.65,-18.07,-9364331,1.33,0.66,129110920,0
코스모화학(주),005420,2012/12,519897778,120.43,45.37,4.55,-2155952,1.11,0.44,180206642,0
코오롱글로벌(주),003070,2012/12,2568633537,474.76,17.4,152.38,33180125,1.47,0.68,3660114280,0
코오롱인더스트리(주),120110,2012/12,3561314087,135.65,42.43,0.97,249300182,1.59,0.99,4103325510,17.71
코오롱플라스틱(주),138490,2012/12,208979642,122.63,44.92,10.04,-8520327,2.9,1.58,230187953,5
코웨이(주),021240,2012/12,1701507546,111.97,47.18,5.67,429118931,4.55,2.94,1806832626,0
키움증권(주),039490,2012/03,3743418241,364,21.55,1.65,132127907,2.15,1.36,504468196,17
태경산업(주),015890,2012/12,205551175,30.14,76.84,5.63,13457562,0.72,0.54,146414777,30
태경케미컬(주),006890,2012/12,86173316,13.97,87.74,4.91,8255198,0.92,0.5,53458727,30
태광산업(주),003240,2012/12,2694812595,28.15,78.04,-10.93,62762613,0.75,0.41,2809979959,26.46
태림포장(주),011280,2012/12,537562161,55.97,64.12,3.81,45817331,0.45,0.27,391376590,1.52
태양금속공업(주),004100,2012/12,327672990,240.7,29.35,8.96,246507,0.39,0.26,343498337,3
태원물산(주),001420,2012/12,45085791,52.71,65.48,5.95,-1830911,0.99,0.46,44576844,19.27
태평양물산(주),007980,2012/12,398614556,223.65,30.9,11.6,-41505163,0.65,0.33,500425724,7.77
텔코웨어(주),078000,2012/12,109999171,28.87,77.6,13.47,7173296,1.51,0.89,62267722,42.87
티와이엠(주),002900,2012/12,350024942,115.42,46.42,9.48,21886926,1.25,0.44,358860692,3
티케이지휴켐스(주),069260,2012/12,732612807,60.2,62.42,24.66,41833072,2.66,1.86,706733204,69.26
파미셀(주),005690,2012/12,130760805,27.59,78.38,12.65,-11964943,10.58,3.36,10885750,0
팜젠사이언스(주),004720,2012/12,42595258,63.55,61.14,8.14,-3655031,9.91,1.29,30183490,0
팬오션(주),028670,2012/12,6652610000,256.65,28.04,-2.76,-172574000,0.95,0.31,4919476000,0
퍼스텍(주),010820,2012/12,124785480,90.12,52.6,6.35,11705675,2.21,1.35,87041323,5.98
페이퍼코리아(주),001020,2012/12,403772344,219.43,31.31,1.22,16010043,0.88,0.36,233549266,0
평화산업(주),090080,2012/12,68575630,310.36,24.37,18.37,4981725,3.91,1.35,128505235,0
평화홀딩스(주),010770,2012/12,209023259,80.71,55.34,15.4,3669354,0.47,0.34,11962626,18.93
포스코스틸리온(주),058430,2012/12,468910265,169.19,37.15,-10.74,2596099,0.81,0.52,853499448,0
포스코홀딩스(주),005490,2012/12,52320436140,33.59,74.86,-8.95,5670889311,0.97,0.69,35664933133,96.07
하이트진로(주),000080,2012/12,3464862523,146.33,40.6,70.01,108142744,2.12,1.23,1674527255,23.17
하이트진로홀딩스(주),000140,2012/12,1780971764,87.41,53.36,-11.71,-5251001,0.45,0.22,54868892,6.47
한국가스공사(주),036460,2012/12,39356467009,394.05,20.24,22.16,211648128,0.89,0.36,34516666309,30.82
한국공항(주),005430,2012/12,373149195,54.65,64.66,6.99,15681711,0.5,0.35,426258048,9.66
한국내화(주),010040,2012/12,185082477,99.44,50.14,8.07,19496540,1.13,0.74,252277491,9.3
한국단자공업(주),025540,2012/12,472879462,24.49,80.33,7.17,38258913,0.84,0.56,439215116,40
한국무브넥스(주),010100,2012/12,487067737,160.16,38.44,8.39,-4306056,0.53,0.39,646635992,0
한국석유공업(주),004090,2012/12,167749363,75.11,57.11,-2.5,9431214,0.32,0.2,192932875,15
한국수출포장공업(주),002200,2012/12,267944276,27.41,78.49,4.7,54374812,0.36,0.22,258434925,15
한국쉘석유(주),002960,2012/12,116670671,35.71,73.68,-5.8,35074471,5.45,4.23,278463040,334.29
한국앤컴퍼니(주),000240,2012/12,974311229,18.06,84.7,-99.01,319388179,6.72,1.85,39331049,0
한국유나이티드제약(주),033270,2012/12,187869271,40.16,71.35,-7.31,22628961,1.22,0.59,134816216,24
한국전력공사(주),015760,2012/12,96234698000,133.18,42.89,14.16,142857000,0.48,0.33,49334873000,0
한국전력기술(주),052690,2012/12,861882138,102.33,49.42,18.43,94524940,15.76,6.81,785585937,966
한국주강(주),025890,2012/12,76068479,6.68,93.74,5.47,2265699,1.08,0.44,46845156,0
한국주철관공업(주),000970,2012/03,271074311,28.66,77.73,19.7,7701160,0.63,0.32,149960000,22.41
한국지역난방공사,071320,2012/12,4512013345,190.77,34.39,31.25,329240092,0.67,0.37,2599999573,75
한국철강(주),104700,2012/12,936810385,37.6,72.67,-3.29,34294287,0.45,0.27,987039948,17.99
한국콜마홀딩스(주),024720,2012/03,244785701,97.21,50.71,16.55,8260631,2.51,1.29,302557950,20.78
한국타이어앤테크놀로지(주),161390,2012/12,4374940777,,,,419631357,,,1365375638,
한국투자금융지주(주),071050,2012/03,3681484057,63.52,61.16,725.58,271171801,1.36,0.79,339770975,13.39
한국항공우주산업(주),047810,2012/12,1892674354,113.09,46.93,19.36,448477225,6.03,3.56,1534544625,4
한국화장품(주),123690,2012/12,133672653,90,52.63,-21.88,-1272078,0.89,0.38,39466648,0
한미반도체(주),042700,2012/12,223842195,21.92,82.02,6.76,42018437,1.17,0.69,142759173,55.55
한미사이언스(주),008930,2012/12,428550063,9.8,91.08,19.25,-85127,2.77,0.39,17976545,0
한미약품(주),128940,2012/12,699170537,122.31,44.98,6.11,40653272,4.34,1.66,543793074,0
한성기업(주),003680,2012/12,164434964,166.47,37.53,1.69,-366,1.38,0.7,272904317,0
한세실업(주),105630,2012/12,500540349,109.15,47.81,10.61,30883841,3.3,0.98,1075533925,24
한세엠케이(주),069640,2012/12,170595814,25.79,79.5,5.19,4817240,0.86,0.4,251655849,40
한세예스24홀딩스(주),016450,2012/12,133443254,12.09,89.22,40.99,2519928,2.64,1.24,4812000,16
한솔로지스틱스(주),009180,2012/12,197290164,86.51,53.62,9.26,6572773,2.19,0.65,390132661,3.9
한솔테크닉스(주),004710,2012/12,422843554,186.43,34.91,-38.36,-11752156,2.23,0.82,548668064,0
한솔피엔에스(주),010420,2012/12,99178837,172.9,36.64,-2.7,6119228,0.98,0.62,194278765,3
한솔홀딩스(주),004150,2012/12,1714005524,121.03,45.24,-3.85,184394478,0.62,0.38,1482493774,5.56
한신공영(주),004960,2012/12,1487956609,366.49,21.44,9.02,23718872,0.31,0.2,922947156,2.83
한신기계공업(주),011700,2012/12,74309381,43.72,69.58,4.3,3707119,1.13,0.66,64745366,8.26
한양증권(주),001750,2012/03,540985515,101.37,49.66,17.73,206605,0.45,0.28,193144578,8
한온시스템(주),018880,2012/12,1659794340,37.55,72.7,8.33,173557949,2.68,1.65,2172795200,143.2
한올바이오파마(주),009420,2012/12,124274778,57.97,63.3,-13.31,2140312,7.52,4.26,76027305,0
한일철강(주),002220,2012/12,288981092,85.11,54.02,-10.66,13816466,0.24,0.16,134523592,4.43
한일현대시멘트(주),006390,2012/12,533791533,723.93,12.14,10.24,23806985,1.41,0.61,296778439,0
한일홀딩스(주),003300,2012/12,1936606868,62.53,61.53,19.2,33133637,0.35,0.18,839334680,18.73
한전산업개발(주),130660,2012/12,126617476,95.82,51.07,-5.82,20909603,4.1,2.54,250920961,5.4
한전케이피에스(주),051600,2012/12,756213835,42.27,70.29,8.76,164501302,6.05,3.6,1006609424,720
한화생명보험(주),088350,2012/03,68844659462,961.63,9.42,-0.2,-356837071,1.1,0.75,11306202192,4.46
한화손해보험(주),000370,2012/03,6396262164,1516.84,6.18,18.93,141148186,1.45,1.01,4285674803,0
한화솔루션(주),009830,2012/12,6743550868,91.96,52.09,-10.36,276256587,1.37,0.65,3559004157,5.01
한화에어로스페이스(주),012450,2012/12,3105403487,112.09,47.15,-0.4,119959630,3.43,2.22,2794855009,10
한화투자증권(주),003530,2012/03,6379655031,571.47,14.89,-10.99,129485386,0.76,0.41,1919652990,1.02
현대건설(주),000720,2012/12,11055185000,144.79,40.85,3.25,-108501000,2.2,1.4,10433442000,10
현대글로비스(주),086280,2012/12,3666994336,105.98,48.55,22.86,269633762,5.42,3.82,9272885268,300
현대모비스(주),012330,2012/12,18240144000,35.99,73.53,6.17,2593650000,2.44,1.92,16865694000,36.97
현대비앤지스틸(주),004560,2012/12,620732763,134.23,42.69,-9.83,47768776,1.02,0.54,745924036,0
현대약품(주),004310,2012/11,149243048,50.49,66.45,-10.55,-3161163,0.59,0.35,101115925,6.28
현대엘리베이터(주),017800,2012/12,1578519803,122.67,44.91,4.14,99376568,2.37,1.14,915619507,0
현대위아(주),011210,2012/12,3873590112,124.95,44.46,11,453717508,3.16,1.99,6253825029,10
현대자동차(주),005380,2012/12,53945929000,45.72,68.62,0.91,7140705000,2.26,1.64,43162401000,34.98
현대제철(주),004020,2012/12,22875333974,133.45,42.84,-7.41,2157266474,1.06,0.66,14128666092,9.88
현대차증권(주),001500,2012/03,3635763524,445.8,18.32,176.28,-103868613,1.15,0.54,941317078,3
현대코퍼레이션(주),011760,2012/12,1641650911,330.43,23.23,-6.23,122278929,2.11,1.33,4717178679,10
현대해상화재보험(주),001450,2012/03,17571242382,907.39,9.93,21.61,2947234855,2.08,1.38,10914815542,242.86
화성산업(주),002460,2012/12,399660631,79.86,55.6,-12.73,55937771,0.3,0.16,351262468,1.83
화천기계(주),010660,2012/12,175333825,52.2,65.7,-12.52,18102356,0.64,0.46,259167401,18
화천기공(주),000850,2012/12,285348260,38.25,72.33,-5,19192950,0.65,0.44,229252741,20
환인제약(주),016580,2012/12,181428238,11.63,89.58,-2.57,21111224,1.36,0.68,107221598,39.35
효성아이티엑스(주),094280,2012/12,71707651,157.16,38.89,7.67,9336042,2.52,1.38,213053860,5.07
흥국화재해상보험(주),000540,2012/03,4613140000,2093.22,4.56,10.89,312534000,2.47,1.75,3125557000,0
흥아해운(주),003280,2012/12,514654289,354.6,22,6.14,25352181,0.78,0.42,704086302,1.38
